{
    "parent": "custom/item/boucliers/courbe_feu",
    "display": {
		"thirdperson_righthand": {
			"rotation": [20, 140, 13],
			"translation": [2, 0, 0],
			"scale": [0.8, 0.8, 0.8]
		},
		"thirdperson_lefthand": {
			"rotation": [20, 140, 13],
			"translation": [2, 0, 0],
			"scale": [0.8, 0.8, 0.8]
		},
		"firstperson_righthand": {
			"rotation": [0, 150, 0],
			"translation": [1, 2, 0],
			"scale": [0.68, 0.68, 0.68]
		},
		"firstperson_lefthand": {
			"rotation": [0, 150, 0],
			"translation": [1, 2, 0],
			"scale": [0.68, 0.68, 0.68]
		}
    }
}
