{
	"credit": "Made with Blockbench",
	"textures": {
		"32x32_aqualame": "custom/item/grandes_epees/aqualame"
	},
	"elements": [
		{
			"name": "Voxels",
			"from": [4.5, 6.5, 7.5],
			"to": [11.5, 7, 8.5],
			"faces": {
				"north": {"uv": [5.5, 12.25, 2, 12.5], "texture": "#32x32_aqualame"},
				"east": {"uv": [6.5, 5, 6, 5.25], "texture": "#32x32_aqualame"},
				"south": {"uv": [5.5, 12.25, 9, 12.5], "texture": "#32x32_aqualame"},
				"west": {"uv": [6, 4.75, 6.5, 5], "texture": "#32x32_aqualame"},
				"up": {"uv": [10.5, 16, 14, 15.5], "texture": "#32x32_aqualame"},
				"down": {"uv": [10.5, 15, 14, 15.5], "texture": "#32x32_aqualame"}
			}
		},
		{
			"name": "Voxels",
			"from": [4.5, 11.5, 7.5],
			"to": [5, 12, 8.5],
			"faces": {
				"north": {"uv": [6.75, 6, 6.5, 6.25], "texture": "#32x32_aqualame"},
				"east": {"uv": [6.5, 6.5, 6, 6.75], "texture": "#32x32_aqualame"},
				"south": {"uv": [6.5, 6.25, 6.75, 6.5], "texture": "#32x32_aqualame"},
				"west": {"uv": [6, 6.25, 6.5, 6.5], "texture": "#32x32_aqualame"},
				"up": {"uv": [6, 5.75, 6.25, 5.25], "texture": "#32x32_aqualame"},
				"down": {"uv": [6.25, 5.25, 6.5, 5.75], "texture": "#32x32_aqualame"}
			}
		},
		{
			"name": "Voxels",
			"from": [5, 7, 7.5],
			"to": [11, 8, 8.5],
			"faces": {
				"north": {"uv": [7.5, 14, 4.5, 14.5], "texture": "#32x32_aqualame"},
				"east": {"uv": [5.75, 3.75, 5.25, 4.25], "texture": "#32x32_aqualame"},
				"south": {"uv": [7.5, 14, 10.5, 14.5], "texture": "#32x32_aqualame"},
				"west": {"uv": [5.25, 4.25, 5.75, 4.75], "texture": "#32x32_aqualame"},
				"up": {"uv": [1.5, 14.5, 4.5, 14], "texture": "#32x32_aqualame"}
			}
		},
		{
			"name": "Voxels",
			"from": [5, 12, 7.5],
			"to": [11, 12.5, 8.5],
			"faces": {
				"north": {"uv": [12, 12.25, 9, 12.5], "texture": "#32x32_aqualame"},
				"east": {"uv": [6.5, 7, 6, 7.25], "texture": "#32x32_aqualame"},
				"south": {"uv": [12, 12.25, 15, 12.5], "texture": "#32x32_aqualame"},
				"west": {"uv": [6, 6.75, 6.5, 7], "texture": "#32x32_aqualame"},
				"up": {"uv": [1.5, 14, 4.5, 13.5], "texture": "#32x32_aqualame"},
				"down": {"uv": [10.5, 14, 13.5, 14.5], "texture": "#32x32_aqualame"}
			}
		},
		{
			"name": "Voxels",
			"from": [5.5, 4, 7.5],
			"to": [10.5, 4.5, 8.5],
			"faces": {
				"north": {"uv": [6.75, 11.75, 4.25, 12], "texture": "#32x32_aqualame"},
				"east": {"uv": [6.5, 8, 6, 8.25], "texture": "#32x32_aqualame"},
				"south": {"uv": [4.25, 12, 6.75, 12.25], "texture": "#32x32_aqualame"},
				"west": {"uv": [6, 7.75, 6.5, 8], "texture": "#32x32_aqualame"},
				"up": {"uv": [1.5, 13.5, 4, 13], "texture": "#32x32_aqualame"},
				"down": {"uv": [12, 13.5, 14.5, 14], "texture": "#32x32_aqualame"}
			}
		},
		{
			"name": "Voxels",
			"from": [5.5, 4.5, 7.5],
			"to": [7.5, 5.5, 8.5],
			"faces": {
				"north": {"uv": [6.25, 11.25, 5.25, 11.75], "texture": "#32x32_aqualame"},
				"east": {"uv": [5.75, 2.75, 5.25, 3.25], "texture": "#32x32_aqualame"},
				"south": {"uv": [6.25, 11.25, 7.25, 11.75], "texture": "#32x32_aqualame"},
				"west": {"uv": [5.25, 3.25, 5.75, 3.75], "texture": "#32x32_aqualame"},
				"up": {"uv": [4.25, 11.75, 5.25, 11.25], "texture": "#32x32_aqualame"}
			}
		},
		{
			"name": "Voxels",
			"from": [5.5, 6, 7.5],
			"to": [10.5, 6.5, 8.5],
			"faces": {
				"north": {"uv": [9.25, 12, 6.75, 12.25], "texture": "#32x32_aqualame"},
				"east": {"uv": [6.5, 8.5, 6, 8.75], "texture": "#32x32_aqualame"},
				"south": {"uv": [9.25, 12, 11.75, 12.25], "texture": "#32x32_aqualame"},
				"west": {"uv": [6, 8.25, 6.5, 8.5], "texture": "#32x32_aqualame"},
				"down": {"uv": [13.5, 14, 16, 14.5], "texture": "#32x32_aqualame"}
			}
		},
		{
			"name": "Voxels",
			"from": [5.5, 8, 7.5],
			"to": [10.5, 9.5, 8.5],
			"faces": {
				"north": {"uv": [10.5, 14.5, 8, 15.25], "texture": "#32x32_aqualame"},
				"east": {"uv": [3.75, 7.5, 3.25, 8.25], "texture": "#32x32_aqualame"},
				"south": {"uv": [8, 15.25, 10.5, 16], "texture": "#32x32_aqualame"},
				"west": {"uv": [3.25, 5.25, 3.75, 6], "texture": "#32x32_aqualame"},
				"up": {"uv": [9.5, 14, 12, 13.5], "texture": "#32x32_aqualame"}
			}
		},
		{
			"name": "Voxels",
			"from": [5.5, 12.5, 7.5],
			"to": [10.5, 13, 8.5],
			"faces": {
				"north": {"uv": [14.25, 12, 11.75, 12.25], "texture": "#32x32_aqualame"},
				"east": {"uv": [16, 9.5, 15.5, 9.75], "texture": "#32x32_aqualame"},
				"south": {"uv": [6.75, 11.75, 9.25, 12], "texture": "#32x32_aqualame"},
				"west": {"uv": [6, 9.25, 6.5, 9.5], "texture": "#32x32_aqualame"},
				"up": {"uv": [6.5, 13.5, 9, 13], "texture": "#32x32_aqualame"}
			}
		},
		{
			"name": "Voxels",
			"from": [6, 3.5, 7.5],
			"to": [10, 4, 8.5],
			"faces": {
				"north": {"uv": [6, 14.5, 4, 14.75], "texture": "#32x32_aqualame"},
				"east": {"uv": [15, 9.5, 14.5, 9.75], "texture": "#32x32_aqualame"},
				"south": {"uv": [11.25, 11.75, 13.25, 12], "texture": "#32x32_aqualame"},
				"west": {"uv": [15, 9.5, 15.5, 9.75], "texture": "#32x32_aqualame"},
				"down": {"uv": [14, 15.5, 16, 16], "texture": "#32x32_aqualame"}
			}
		},
		{
			"name": "Voxels",
			"from": [6, 5.5, 7.5],
			"to": [10, 6, 8.5],
			"faces": {
				"north": {"uv": [11.25, 11.75, 9.25, 12], "texture": "#32x32_aqualame"},
				"east": {"uv": [12, 9.5, 11.5, 9.75], "texture": "#32x32_aqualame"},
				"south": {"uv": [6, 14.5, 8, 14.75], "texture": "#32x32_aqualame"},
				"west": {"uv": [12, 9.5, 12.5, 9.75], "texture": "#32x32_aqualame"}
			}
		},
		{
			"name": "Voxels",
			"from": [6, 9.5, 7.5],
			"to": [10, 12, 8.5],
			"faces": {
				"north": {"uv": [6, 14.75, 4, 16], "texture": "#32x32_aqualame"},
				"east": {"uv": [4.25, 8, 3.75, 9.25], "texture": "#32x32_aqualame"},
				"south": {"uv": [6, 14.75, 8, 16], "texture": "#32x32_aqualame"},
				"west": {"uv": [3.75, 6.75, 4.25, 8], "texture": "#32x32_aqualame"}
			}
		},
		{
			"name": "Voxels",
			"from": [6, 13, 7.5],
			"to": [10, 14, 8.5],
			"faces": {
				"north": {"uv": [7.5, 12.5, 5.5, 13], "texture": "#32x32_aqualame"},
				"east": {"uv": [5.75, 1.75, 5.25, 2.25], "texture": "#32x32_aqualame"},
				"south": {"uv": [7.5, 12.5, 9.5, 13], "texture": "#32x32_aqualame"},
				"west": {"uv": [5.25, 2.25, 5.75, 2.75], "texture": "#32x32_aqualame"},
				"up": {"uv": [3.5, 13, 5.5, 12.5], "texture": "#32x32_aqualame"}
			}
		},
		{
			"name": "Voxels",
			"from": [6, 15, 7.5],
			"to": [10, 18, 8.5],
			"faces": {
				"north": {"uv": [4, 14.5, 2, 16], "texture": "#32x32_aqualame", "cullface": "up"},
				"east": {"uv": [4.25, 9.25, 3.75, 10.75], "texture": "#32x32_aqualame", "cullface": "up"},
				"south": {"uv": [0, 14.5, 2, 16], "texture": "#32x32_aqualame", "cullface": "up"},
				"west": {"uv": [3.75, 10.75, 4.25, 12.25], "texture": "#32x32_aqualame", "cullface": "up"},
				"up": {"uv": [11.5, 13, 13.5, 12.5], "texture": "#32x32_aqualame", "cullface": "up"},
				"down": {"uv": [9.5, 12.5, 11.5, 13], "texture": "#32x32_aqualame", "cullface": "up"}
			}
		},
		{
			"name": "Voxels",
			"from": [6.5, -4, 7.5],
			"to": [9.5, -3.5, 8.5],
			"faces": {
				"north": {"uv": [15.75, 12, 14.25, 12.25], "texture": "#32x32_aqualame", "cullface": "down"},
				"east": {"uv": [7.25, 9.25, 6.75, 9.5], "texture": "#32x32_aqualame", "cullface": "down"},
				"south": {"uv": [2.25, 0, 3.75, 0.25], "texture": "#32x32_aqualame", "cullface": "down"},
				"west": {"uv": [7.25, 9.25, 7.75, 9.5], "texture": "#32x32_aqualame", "cullface": "down"},
				"up": {"uv": [2.25, 11.75, 3.75, 11.25], "texture": "#32x32_aqualame", "cullface": "down"},
				"down": {"uv": [2.25, 11.75, 3.75, 12.25], "texture": "#32x32_aqualame", "cullface": "down"}
			}
		},
		{
			"name": "Voxels",
			"from": [6.5, -2.5, 7.5],
			"to": [7.5, -1.5, 8.5],
			"faces": {
				"north": {"uv": [5.75, 0.25, 5.25, 0.75], "texture": "#32x32_aqualame", "cullface": "down"},
				"east": {"uv": [11.25, 9.75, 10.75, 10.25], "texture": "#32x32_aqualame", "cullface": "down"},
				"south": {"uv": [5.75, 9.75, 6.25, 10.25], "texture": "#32x32_aqualame", "cullface": "down"},
				"west": {"uv": [10.25, 9.75, 10.75, 10.25], "texture": "#32x32_aqualame", "cullface": "down"},
				"up": {"uv": [5.25, 1.25, 5.75, 0.75], "texture": "#32x32_aqualame", "cullface": "down"},
				"down": {"uv": [5.25, 1.25, 5.75, 1.75], "texture": "#32x32_aqualame", "cullface": "down"}
			}
		},
		{
			"name": "Voxels",
			"from": [6.5, 2.5, 7.5],
			"to": [9.5, 3.5, 8.5],
			"faces": {
				"north": {"uv": [3.75, 3.75, 2.25, 4.25], "texture": "#32x32_aqualame"},
				"east": {"uv": [4.25, 0.75, 3.75, 1.25], "texture": "#32x32_aqualame"},
				"south": {"uv": [2.25, 3.25, 3.75, 3.75], "texture": "#32x32_aqualame"},
				"west": {"uv": [13.5, 14.5, 14, 15], "texture": "#32x32_aqualame"},
				"down": {"uv": [2.25, 4.75, 3.75, 5.25], "texture": "#32x32_aqualame"}
			}
		},
		{
			"name": "Voxels",
			"from": [6.5, 4, 7],
			"to": [9.5, 5, 7.5],
			"faces": {
				"north": {"uv": [3.75, 2.75, 2.25, 3.25], "texture": "#32x32_aqualame"},
				"east": {"uv": [6.75, 9, 6.5, 9.5], "texture": "#32x32_aqualame"},
				"south": {"uv": [2.25, 2.25, 3.75, 2.75], "texture": "#32x32_aqualame"},
				"west": {"uv": [6.5, 8.5, 6.75, 9], "texture": "#32x32_aqualame"},
				"up": {"uv": [12.75, 10.75, 14.25, 10.5], "texture": "#32x32_aqualame"},
				"down": {"uv": [14.25, 10.5, 15.75, 10.75], "texture": "#32x32_aqualame"}
			}
		},
		{
			"name": "Voxels",
			"from": [6.5, 4, 8.5],
			"to": [9.5, 5, 9],
			"faces": {
				"north": {"uv": [3.75, 1.75, 2.25, 2.25], "texture": "#32x32_aqualame"},
				"east": {"uv": [6.25, 0, 6, 0.5], "texture": "#32x32_aqualame"},
				"south": {"uv": [2.25, 1.25, 3.75, 1.75], "texture": "#32x32_aqualame"},
				"west": {"uv": [6.25, 0, 6.5, 0.5], "texture": "#32x32_aqualame"},
				"up": {"uv": [13.25, 12, 14.75, 11.75], "texture": "#32x32_aqualame"},
				"down": {"uv": [8.25, 10.25, 9.75, 10.5], "texture": "#32x32_aqualame"}
			}
		},
		{
			"name": "Voxels",
			"from": [6.5, 6, 7],
			"to": [9.5, 6.5, 7.5],
			"faces": {
				"north": {"uv": [14.25, 10.25, 12.75, 10.5], "texture": "#32x32_aqualame"},
				"east": {"uv": [6.75, 7, 6.5, 7.25], "texture": "#32x32_aqualame"},
				"west": {"uv": [6.5, 6.75, 6.75, 7], "texture": "#32x32_aqualame"},
				"up": {"uv": [11.25, 10.5, 12.75, 10.25], "texture": "#32x32_aqualame"},
				"down": {"uv": [9.75, 10.25, 11.25, 10.5], "texture": "#32x32_aqualame"}
			}
		},
		{
			"name": "Voxels",
			"from": [6.5, 6, 8.5],
			"to": [9.5, 6.5, 9],
			"faces": {
				"east": {"uv": [6.75, 5.75, 6.5, 6], "texture": "#32x32_aqualame"},
				"south": {"uv": [6.75, 10.25, 8.25, 10.5], "texture": "#32x32_aqualame"},
				"west": {"uv": [6.5, 8, 6.75, 8.25], "texture": "#32x32_aqualame"},
				"up": {"uv": [11.25, 10.75, 12.75, 10.5], "texture": "#32x32_aqualame"},
				"down": {"uv": [5.25, 10.25, 6.75, 10.5], "texture": "#32x32_aqualame"}
			}
		},
		{
			"name": "Voxels",
			"from": [6.5, 14, 7.5],
			"to": [9.5, 15, 8.5],
			"faces": {
				"north": {"uv": [3.75, 10.75, 2.25, 11.25], "texture": "#32x32_aqualame"},
				"east": {"uv": [15.75, 11.25, 15.25, 11.75], "texture": "#32x32_aqualame"},
				"south": {"uv": [2.25, 10.25, 3.75, 10.75], "texture": "#32x32_aqualame"},
				"west": {"uv": [3.75, 0.25, 4.25, 0.75], "texture": "#32x32_aqualame"}
			}
		},
		{
			"name": "Voxels",
			"from": [6.5, 18, 7.5],
			"to": [9.5, 19, 8.5],
			"faces": {
				"north": {"uv": [3.75, 6.5, 2.25, 7], "texture": "#32x32_aqualame", "cullface": "up"},
				"east": {"uv": [4.75, 6.75, 4.25, 7.25], "texture": "#32x32_aqualame", "cullface": "up"},
				"south": {"uv": [2.25, 6, 3.75, 6.5], "texture": "#32x32_aqualame", "cullface": "up"},
				"west": {"uv": [15.25, 10.75, 15.75, 11.25], "texture": "#32x32_aqualame", "cullface": "up"},
				"up": {"uv": [2.25, 7.5, 3.75, 7], "texture": "#32x32_aqualame", "cullface": "up"}
			}
		},
		{
			"name": "Voxels",
			"from": [7, -4.5, 7.5],
			"to": [9, -4, 8.5],
			"faces": {
				"north": {"uv": [16, 12.25, 15, 12.5], "texture": "#32x32_aqualame", "cullface": "down"},
				"east": {"uv": [6.5, 4.5, 6, 4.75], "texture": "#32x32_aqualame", "cullface": "down"},
				"south": {"uv": [14.75, 11.75, 15.75, 12], "texture": "#32x32_aqualame", "cullface": "down"},
				"west": {"uv": [6, 4.25, 6.5, 4.5], "texture": "#32x32_aqualame", "cullface": "down"},
				"down": {"uv": [10.25, 11.25, 11.25, 11.75], "texture": "#32x32_aqualame", "cullface": "down"}
			}
		},
		{
			"name": "Voxels",
			"from": [7, -4, 7],
			"to": [9, -3.5, 7.5],
			"faces": {
				"north": {"uv": [5.25, 6, 4.25, 6.25], "texture": "#32x32_aqualame", "cullface": "down"},
				"east": {"uv": [6.75, 7.75, 6.5, 8], "texture": "#32x32_aqualame", "cullface": "down"},
				"west": {"uv": [6.5, 5.25, 6.75, 5.5], "texture": "#32x32_aqualame", "cullface": "down"},
				"up": {"uv": [4.25, 6.5, 5.25, 6.25], "texture": "#32x32_aqualame", "cullface": "down"},
				"down": {"uv": [4.25, 6.5, 5.25, 6.75], "texture": "#32x32_aqualame", "cullface": "down"}
			}
		},
		{
			"name": "Voxels",
			"from": [7, -4, 8.5],
			"to": [9, -3.5, 9],
			"faces": {
				"east": {"uv": [6.75, 8.25, 6.5, 8.5], "texture": "#32x32_aqualame", "cullface": "down"},
				"south": {"uv": [4.25, 4.75, 5.25, 5], "texture": "#32x32_aqualame", "cullface": "down"},
				"west": {"uv": [6.5, 4, 6.75, 4.25], "texture": "#32x32_aqualame", "cullface": "down"},
				"up": {"uv": [4.25, 5.5, 5.25, 5.25], "texture": "#32x32_aqualame", "cullface": "down"},
				"down": {"uv": [4.25, 5.5, 5.25, 5.75], "texture": "#32x32_aqualame", "cullface": "down"}
			}
		},
		{
			"name": "Voxels",
			"from": [7, -3.5, 7.5],
			"to": [9, -2.5, 8.5],
			"faces": {
				"north": {"uv": [5.25, 9.75, 4.25, 10.25], "texture": "#32x32_aqualame", "cullface": "down"},
				"east": {"uv": [4.75, 4.25, 4.25, 4.75], "texture": "#32x32_aqualame", "cullface": "down"},
				"south": {"uv": [4.25, 10.25, 5.25, 10.75], "texture": "#32x32_aqualame", "cullface": "down"},
				"west": {"uv": [4.75, 6.75, 5.25, 7.25], "texture": "#32x32_aqualame", "cullface": "down"},
				"up": {"uv": [9.25, 11.25, 10.25, 10.75], "texture": "#32x32_aqualame", "cullface": "down"}
			}
		},
		{
			"name": "Voxels",
			"from": [7, -2.5, 7],
			"to": [9, -1.5, 7.5],
			"faces": {
				"north": {"uv": [16, 13, 15, 13.5], "texture": "#32x32_aqualame", "cullface": "down"},
				"east": {"uv": [6, 0.5, 5.75, 1], "texture": "#32x32_aqualame", "cullface": "down"},
				"south": {"uv": [10.25, 10.75, 11.25, 11.25], "texture": "#32x32_aqualame", "cullface": "down"},
				"west": {"uv": [5.75, 0, 6, 0.5], "texture": "#32x32_aqualame", "cullface": "down"},
				"up": {"uv": [4.25, 4, 5.25, 3.75], "texture": "#32x32_aqualame", "cullface": "down"},
				"down": {"uv": [4.25, 4, 5.25, 4.25], "texture": "#32x32_aqualame", "cullface": "down"}
			}
		},
		{
			"name": "Voxels",
			"from": [7, -2.5, 8.5],
			"to": [9, -1.5, 9],
			"faces": {
				"north": {"uv": [13.25, 11.25, 12.25, 11.75], "texture": "#32x32_aqualame", "cullface": "down"},
				"east": {"uv": [16, 11.25, 15.75, 11.75], "texture": "#32x32_aqualame", "cullface": "down"},
				"south": {"uv": [11.25, 11.25, 12.25, 11.75], "texture": "#32x32_aqualame", "cullface": "down"},
				"west": {"uv": [5.75, 5, 6, 5.5], "texture": "#32x32_aqualame", "cullface": "down"},
				"up": {"uv": [4.25, 3.5, 5.25, 3.25], "texture": "#32x32_aqualame", "cullface": "down"},
				"down": {"uv": [4.25, 3.5, 5.25, 3.75], "texture": "#32x32_aqualame", "cullface": "down"}
			}
		},
		{
			"name": "Voxels",
			"from": [7, -1.5, 7.5],
			"to": [9, 2.5, 8.5],
			"faces": {
				"north": {"uv": [1, 10.5, 0, 12.5], "texture": "#32x32_aqualame", "cullface": "down"},
				"east": {"uv": [2, 10.5, 1.5, 12.5], "texture": "#32x32_aqualame", "cullface": "down"},
				"south": {"uv": [0, 12.5, 1, 14.5], "texture": "#32x32_aqualame", "cullface": "down"},
				"west": {"uv": [1, 1.5, 1.5, 3.5], "texture": "#32x32_aqualame", "cullface": "down"}
			}
		},
		{
			"name": "Voxels",
			"from": [7, 2.5, 7],
			"to": [9, 4, 7.5],
			"faces": {
				"north": {"uv": [3.25, 7.5, 2.25, 8.25], "texture": "#32x32_aqualame"},
				"east": {"uv": [6, 7.5, 5.75, 8.25], "texture": "#32x32_aqualame"},
				"west": {"uv": [5.75, 8.25, 6, 9], "texture": "#32x32_aqualame"},
				"down": {"uv": [4.25, 3, 5.25, 3.25], "texture": "#32x32_aqualame"}
			}
		},
		{
			"name": "Voxels",
			"from": [7, 2.5, 8.5],
			"to": [9, 4, 9],
			"faces": {
				"east": {"uv": [6, 9, 5.75, 9.75], "texture": "#32x32_aqualame"},
				"south": {"uv": [2.75, 9.5, 3.75, 10.25], "texture": "#32x32_aqualame"},
				"west": {"uv": [2, 0.5, 2.25, 1.25], "texture": "#32x32_aqualame"},
				"down": {"uv": [4.25, 2.5, 5.25, 2.75], "texture": "#32x32_aqualame"}
			}
		},
		{
			"name": "Voxels",
			"from": [7, 5, 7],
			"to": [9, 6, 7.5],
			"faces": {
				"north": {"uv": [8.25, 10.75, 7.25, 11.25], "texture": "#32x32_aqualame"},
				"east": {"uv": [6, 6.5, 5.75, 7], "texture": "#32x32_aqualame"},
				"west": {"uv": [5.75, 7, 6, 7.5], "texture": "#32x32_aqualame"}
			}
		},
		{
			"name": "Voxels",
			"from": [7, 5, 8.5],
			"to": [9, 6, 9],
			"faces": {
				"east": {"uv": [6, 2, 5.75, 2.5], "texture": "#32x32_aqualame"},
				"south": {"uv": [7.25, 11.25, 8.25, 11.75], "texture": "#32x32_aqualame"},
				"west": {"uv": [5.75, 2.5, 6, 3], "texture": "#32x32_aqualame"}
			}
		},
		{
			"name": "Voxels",
			"from": [7, 6.5, 7],
			"to": [9, 10, 7.5],
			"faces": {
				"north": {"uv": [1, 1.75, 0, 3.5], "texture": "#32x32_aqualame"},
				"east": {"uv": [4, 3, 3.75, 4.75], "texture": "#32x32_aqualame"},
				"west": {"uv": [4, 3, 4.25, 4.75], "texture": "#32x32_aqualame"},
				"up": {"uv": [4.25, 1, 5.25, 0.75], "texture": "#32x32_aqualame"}
			}
		},
		{
			"name": "Voxels",
			"from": [7, 6.5, 8.5],
			"to": [9, 10, 9],
			"faces": {
				"east": {"uv": [4.25, 1.25, 4, 3], "texture": "#32x32_aqualame"},
				"south": {"uv": [0, 3.5, 1, 5.25], "texture": "#32x32_aqualame"},
				"west": {"uv": [3.75, 1.25, 4, 3], "texture": "#32x32_aqualame"},
				"up": {"uv": [4.25, 0.5, 5.25, 0.25], "texture": "#32x32_aqualame"}
			}
		},
		{
			"name": "Voxels",
			"from": [7, 19, 7.5],
			"to": [9, 20, 8.5],
			"faces": {
				"north": {"uv": [6.25, 10.75, 5.25, 11.25], "texture": "#32x32_aqualame", "cullface": "up"},
				"east": {"uv": [5.75, 9.75, 5.25, 10.25], "texture": "#32x32_aqualame", "cullface": "up"},
				"south": {"uv": [4.25, 10.75, 5.25, 11.25], "texture": "#32x32_aqualame", "cullface": "up"},
				"west": {"uv": [4.75, 4.25, 5.25, 4.75], "texture": "#32x32_aqualame", "cullface": "up"},
				"up": {"uv": [13.25, 11.25, 14.25, 10.75], "texture": "#32x32_aqualame", "cullface": "up"}
			}
		},
		{
			"name": "Voxels",
			"from": [7.5, -5, 7.5],
			"to": [8.5, -4.5, 8.5],
			"faces": {
				"north": {"uv": [10.25, 9.25, 9.75, 9.5], "texture": "#32x32_aqualame", "cullface": "down"},
				"east": {"uv": [12.75, 9.75, 12.25, 10], "texture": "#32x32_aqualame", "cullface": "down"},
				"south": {"uv": [10.25, 9.25, 10.75, 9.5], "texture": "#32x32_aqualame", "cullface": "down"},
				"west": {"uv": [10.75, 9.25, 11.25, 9.5], "texture": "#32x32_aqualame", "cullface": "down"},
				"down": {"uv": [5.25, 9.25, 5.75, 9.75], "texture": "#32x32_aqualame", "cullface": "down"}
			}
		},
		{
			"name": "Voxels",
			"from": [7.5, -4.5, 7],
			"to": [8.5, -4, 7.5],
			"faces": {
				"north": {"uv": [5.75, 0, 5.25, 0.25], "texture": "#32x32_aqualame", "cullface": "down"},
				"east": {"uv": [16, 11.75, 15.75, 12], "texture": "#32x32_aqualame", "cullface": "down"},
				"west": {"uv": [15.75, 12, 16, 12.25], "texture": "#32x32_aqualame", "cullface": "down"},
				"down": {"uv": [3.75, 0, 4.25, 0.25], "texture": "#32x32_aqualame", "cullface": "down"}
			}
		},
		{
			"name": "Voxels",
			"from": [7.5, -4.5, 8.5],
			"to": [8.5, -4, 9],
			"faces": {
				"east": {"uv": [16, 10.25, 15.75, 10.5], "texture": "#32x32_aqualame", "cullface": "down"},
				"south": {"uv": [13.75, 10, 14.25, 10.25], "texture": "#32x32_aqualame", "cullface": "down"},
				"west": {"uv": [15.75, 10.5, 16, 10.75], "texture": "#32x32_aqualame", "cullface": "down"},
				"down": {"uv": [12.75, 9.75, 13.25, 10], "texture": "#32x32_aqualame", "cullface": "down"}
			}
		},
		{
			"name": "Voxels",
			"from": [7.5, -4, 6.5],
			"to": [8.5, -3.5, 7],
			"faces": {
				"north": {"uv": [15.25, 10, 14.75, 10.25], "texture": "#32x32_aqualame", "cullface": "down"},
				"east": {"uv": [16, 10, 15.75, 10.25], "texture": "#32x32_aqualame", "cullface": "down"},
				"west": {"uv": [6.5, 5, 6.75, 5.25], "texture": "#32x32_aqualame", "cullface": "down"},
				"up": {"uv": [14.25, 10, 14.75, 9.75], "texture": "#32x32_aqualame", "cullface": "down"},
				"down": {"uv": [14.25, 10, 14.75, 10.25], "texture": "#32x32_aqualame", "cullface": "down"}
			}
		},
		{
			"name": "Voxels",
			"from": [7.5, -4, 9],
			"to": [8.5, -3.5, 9.5],
			"faces": {
				"east": {"uv": [6.75, 4.25, 6.5, 4.5], "texture": "#32x32_aqualame", "cullface": "down"},
				"south": {"uv": [6.5, 9.5, 7, 9.75], "texture": "#32x32_aqualame", "cullface": "down"},
				"west": {"uv": [15.75, 9.75, 16, 10], "texture": "#32x32_aqualame", "cullface": "down"},
				"up": {"uv": [15.25, 10, 15.75, 9.75], "texture": "#32x32_aqualame", "cullface": "down"},
				"down": {"uv": [15.25, 10, 15.75, 10.25], "texture": "#32x32_aqualame", "cullface": "down"}
			}
		},
		{
			"name": "Voxels",
			"from": [7.5, -3.5, 7],
			"to": [8.5, -2.5, 7.5],
			"faces": {
				"north": {"uv": [5.75, 8.25, 5.25, 8.75], "texture": "#32x32_aqualame", "cullface": "down"},
				"east": {"uv": [6, 5.5, 5.75, 6], "texture": "#32x32_aqualame", "cullface": "down"},
				"west": {"uv": [5.75, 6, 6, 6.5], "texture": "#32x32_aqualame", "cullface": "down"}
			}
		},
		{
			"name": "Voxels",
			"from": [7.5, -3.5, 8.5],
			"to": [8.5, -2.5, 9],
			"faces": {
				"east": {"uv": [6, 4, 5.75, 4.5], "texture": "#32x32_aqualame", "cullface": "down"},
				"south": {"uv": [5.25, 6.75, 5.75, 7.25], "texture": "#32x32_aqualame", "cullface": "down"},
				"west": {"uv": [5.75, 4.5, 6, 5], "texture": "#32x32_aqualame", "cullface": "down"}
			}
		},
		{
			"name": "Voxels",
			"from": [7.5, -2.5, 6.5],
			"to": [8.5, -1.5, 7],
			"faces": {
				"north": {"uv": [5.75, 6.25, 5.25, 6.75], "texture": "#32x32_aqualame", "cullface": "down"},
				"east": {"uv": [6, 3, 5.75, 3.5], "texture": "#32x32_aqualame", "cullface": "down"},
				"west": {"uv": [5.75, 3.5, 6, 4], "texture": "#32x32_aqualame", "cullface": "down"},
				"up": {"uv": [10, 9.75, 10.5, 9.5], "texture": "#32x32_aqualame", "cullface": "down"},
				"down": {"uv": [9.5, 9.5, 10, 9.75], "texture": "#32x32_aqualame", "cullface": "down"}
			}
		},
		{
			"name": "Voxels",
			"from": [7.5, -2.5, 9],
			"to": [8.5, -1.5, 9.5],
			"faces": {
				"east": {"uv": [6, 1, 5.75, 1.5], "texture": "#32x32_aqualame", "cullface": "down"},
				"south": {"uv": [5.25, 4.75, 5.75, 5.25], "texture": "#32x32_aqualame", "cullface": "down"},
				"west": {"uv": [5.75, 1.5, 6, 2], "texture": "#32x32_aqualame", "cullface": "down"},
				"up": {"uv": [11, 9.75, 11.5, 9.5], "texture": "#32x32_aqualame", "cullface": "down"},
				"down": {"uv": [10.5, 9.5, 11, 9.75], "texture": "#32x32_aqualame", "cullface": "down"}
			}
		},
		{
			"name": "Voxels",
			"from": [7.5, -2, 7.5],
			"to": [9.5, -1.5, 8.5],
			"faces": {
				"north": {"uv": [5.25, 0, 4.25, 0.25], "texture": "#32x32_aqualame", "cullface": "down"},
				"east": {"uv": [13.5, 9.5, 13, 9.75], "texture": "#32x32_aqualame", "cullface": "down"},
				"south": {"uv": [14.25, 10.25, 15.25, 10.5], "texture": "#32x32_aqualame", "cullface": "down"},
				"up": {"uv": [13.25, 11.75, 14.25, 11.25], "texture": "#32x32_aqualame", "cullface": "down"},
				"down": {"uv": [14.25, 11.25, 15.25, 11.75], "texture": "#32x32_aqualame", "cullface": "down"}
			}
		},
		{
			"name": "Voxels",
			"from": [7.5, -1.5, 7],
			"to": [8.5, 2.5, 7.5],
			"faces": {
				"north": {"uv": [1.5, 3.5, 1, 5.5], "texture": "#32x32_aqualame", "cullface": "down"},
				"east": {"uv": [4.25, 4.75, 4, 6.75], "texture": "#32x32_aqualame", "cullface": "down"},
				"west": {"uv": [3.75, 4.75, 4, 6.75], "texture": "#32x32_aqualame", "cullface": "down"}
			}
		},
		{
			"name": "Voxels",
			"from": [7.5, -1.5, 8.5],
			"to": [8.5, 2.5, 9],
			"faces": {
				"east": {"uv": [2.25, 3.25, 2, 5.25], "texture": "#32x32_aqualame", "cullface": "down"},
				"south": {"uv": [1.5, 8.5, 2, 10.5], "texture": "#32x32_aqualame", "cullface": "down"},
				"west": {"uv": [2, 1.25, 2.25, 3.25], "texture": "#32x32_aqualame", "cullface": "down"}
			}
		},
		{
			"name": "Voxels",
			"from": [7.5, 2.5, 6.5],
			"to": [8.5, 5.5, 7],
			"faces": {
				"north": {"uv": [2.75, 8.75, 2.25, 10.25], "texture": "#32x32_aqualame"},
				"east": {"uv": [4.75, 7.25, 4.5, 8.75], "texture": "#32x32_aqualame"},
				"west": {"uv": [4.25, 7.25, 4.5, 8.75], "texture": "#32x32_aqualame"},
				"up": {"uv": [6, 7.5, 6.5, 7.25], "texture": "#32x32_aqualame"},
				"down": {"uv": [6, 7.5, 6.5, 7.75], "texture": "#32x32_aqualame"}
			}
		},
		{
			"name": "Voxels",
			"from": [7.5, 2.5, 9],
			"to": [8.5, 5.5, 9.5],
			"faces": {
				"east": {"uv": [5.25, 7.25, 5, 8.75], "texture": "#32x32_aqualame"},
				"south": {"uv": [1, 0, 1.5, 1.5], "texture": "#32x32_aqualame"},
				"west": {"uv": [4.75, 7.25, 5, 8.75], "texture": "#32x32_aqualame"},
				"up": {"uv": [6, 6, 6.5, 5.75], "texture": "#32x32_aqualame"},
				"down": {"uv": [6, 6, 6.5, 6.25], "texture": "#32x32_aqualame"}
			}
		},
		{
			"name": "Voxels",
			"from": [7.5, 5, 7.5],
			"to": [10.5, 5.5, 8.5],
			"faces": {
				"north": {"uv": [9.75, 10.5, 8.25, 10.75], "texture": "#32x32_aqualame"},
				"east": {"uv": [6.5, 3.75, 6, 4], "texture": "#32x32_aqualame"},
				"south": {"uv": [9.75, 10.5, 11.25, 10.75], "texture": "#32x32_aqualame"},
				"up": {"uv": [14.5, 14, 16, 13.5], "texture": "#32x32_aqualame"},
				"down": {"uv": [13.5, 12.5, 15, 13], "texture": "#32x32_aqualame"}
			}
		},
		{
			"name": "Voxels",
			"from": [7.5, 9, 6.5],
			"to": [8.5, 9.5, 7],
			"faces": {
				"north": {"uv": [6.5, 3, 6, 3.25], "texture": "#32x32_aqualame"},
				"east": {"uv": [6.75, 7.5, 6.5, 7.75], "texture": "#32x32_aqualame"},
				"west": {"uv": [6.5, 5.5, 6.75, 5.75], "texture": "#32x32_aqualame"},
				"up": {"uv": [6, 3.5, 6.5, 3.25], "texture": "#32x32_aqualame"},
				"down": {"uv": [6, 3.5, 6.5, 3.75], "texture": "#32x32_aqualame"}
			}
		},
		{
			"name": "Voxels",
			"from": [7.5, 9, 9],
			"to": [8.5, 9.5, 9.5],
			"faces": {
				"east": {"uv": [6.75, 6.5, 6.5, 6.75], "texture": "#32x32_aqualame"},
				"south": {"uv": [6, 1.75, 6.5, 2], "texture": "#32x32_aqualame"},
				"west": {"uv": [6.5, 7.25, 6.75, 7.5], "texture": "#32x32_aqualame"},
				"up": {"uv": [6, 2.5, 6.5, 2.25], "texture": "#32x32_aqualame"},
				"down": {"uv": [6, 2.5, 6.5, 2.75], "texture": "#32x32_aqualame"}
			}
		},
		{
			"name": "Voxels",
			"from": [7.5, 10, 7],
			"to": [8.5, 17, 7.5],
			"faces": {
				"north": {"uv": [1, 7, 0.5, 10.5], "texture": "#32x32_aqualame", "cullface": "up"},
				"east": {"uv": [2.25, 8.75, 2, 12.25], "texture": "#32x32_aqualame", "cullface": "up"},
				"west": {"uv": [2, 5.25, 2.25, 8.75], "texture": "#32x32_aqualame", "cullface": "up"},
				"up": {"uv": [6, 1.5, 6.5, 1.25], "texture": "#32x32_aqualame", "cullface": "up"}
			}
		},
		{
			"name": "Voxels",
			"from": [7.5, 10, 8.5],
			"to": [8.5, 17, 9],
			"faces": {
				"east": {"uv": [1.75, 3, 1.5, 6.5], "texture": "#32x32_aqualame", "cullface": "up"},
				"south": {"uv": [1, 11, 1.5, 14.5], "texture": "#32x32_aqualame", "cullface": "up"},
				"west": {"uv": [1.75, 3, 2, 6.5], "texture": "#32x32_aqualame", "cullface": "up"},
				"up": {"uv": [6, 0.75, 6.5, 0.5], "texture": "#32x32_aqualame", "cullface": "up"}
			}
		},
		{
			"name": "Voxels",
			"from": [7.5, 20, 7.5],
			"to": [8.5, 21, 8.5],
			"faces": {
				"north": {"uv": [7.75, 9.75, 7.25, 10.25], "texture": "#32x32_aqualame", "cullface": "up"},
				"east": {"uv": [9.25, 9.75, 8.75, 10.25], "texture": "#32x32_aqualame", "cullface": "up"},
				"south": {"uv": [7.75, 9.75, 8.25, 10.25], "texture": "#32x32_aqualame", "cullface": "up"},
				"west": {"uv": [8.25, 9.75, 8.75, 10.25], "texture": "#32x32_aqualame", "cullface": "up"},
				"up": {"uv": [6.75, 10.25, 7.25, 9.75], "texture": "#32x32_aqualame", "cullface": "up"}
			}
		},
		{
			"name": "Voxels",
			"from": [8.5, -2.5, 7.5],
			"to": [9.5, -2, 8.5],
			"faces": {
				"north": {"uv": [8.25, 9.25, 7.75, 9.5], "texture": "#32x32_aqualame", "cullface": "down"},
				"east": {"uv": [9.75, 9.25, 9.25, 9.5], "texture": "#32x32_aqualame", "cullface": "down"},
				"south": {"uv": [8.25, 9.25, 8.75, 9.5], "texture": "#32x32_aqualame", "cullface": "down"},
				"west": {"uv": [8.75, 9.25, 9.25, 9.5], "texture": "#32x32_aqualame", "cullface": "down"},
				"down": {"uv": [9.25, 9.75, 9.75, 10.25], "texture": "#32x32_aqualame", "cullface": "down"}
			}
		},
		{
			"name": "Voxels",
			"from": [8.5, 4.5, 7.5],
			"to": [10.5, 5, 8.5],
			"faces": {
				"north": {"uv": [12.25, 10, 11.25, 10.25], "texture": "#32x32_aqualame"},
				"east": {"uv": [14.25, 9.75, 13.75, 10], "texture": "#32x32_aqualame"},
				"south": {"uv": [11.25, 9.75, 12.25, 10], "texture": "#32x32_aqualame"},
				"west": {"uv": [12.75, 10, 13.25, 10.25], "texture": "#32x32_aqualame"}
			}
		},
		{
			"name": "Voxels",
			"from": [11, 11.5, 7.5],
			"to": [11.5, 12, 8.5],
			"faces": {
				"north": {"uv": [6.75, 4.75, 6.5, 5], "texture": "#32x32_aqualame"},
				"east": {"uv": [6.5, 1, 6, 1.25], "texture": "#32x32_aqualame"},
				"south": {"uv": [6.5, 4.5, 6.75, 4.75], "texture": "#32x32_aqualame"},
				"west": {"uv": [7, 9.5, 7.5, 9.75], "texture": "#32x32_aqualame"},
				"up": {"uv": [15.75, 11.25, 16, 10.75], "texture": "#32x32_aqualame"},
				"down": {"uv": [2, 0, 2.25, 0.5], "texture": "#32x32_aqualame"}
			}
		}
	],
	"display": {
		"thirdperson_righthand": {
			"rotation": [0, 90, 0],
			"translation": [0, 6, 1.75]
		},
		"thirdperson_lefthand": {
			"rotation": [0, 90, 0],
			"translation": [0, 6, 1.75]
		},
		"firstperson_righthand": {
			"rotation": [-25, 90, 0],
			"translation": [2, 1, 0],
			"scale": [0.68, 0.68, 0.68]
		},
		"firstperson_lefthand": {
			"rotation": [-25, 90, 0],
			"translation": [2, 1, 0],
			"scale": [0.68, 0.68, 0.68]
		},
		"ground": {
			"rotation": [0, 0, 45],
			"translation": [0, 4.5, 0],
			"scale": [0.8, 0.8, 0.8]
		},
		"gui": {
			"rotation": [0, 0, -45],
			"scale": [0.8, 0.8, 0.8]
		},
		"fixed": {
			"rotation": [0, 0, -45],
			"translation": [0, 0, -0.25],
			"scale": [0.8, 0.8, 0.8]
		}
	}
}