{
	"credit": "Made with Blockbench",
	"textures": {
		"devoreuse_de_lux": "custom/item/grandes_epees/devoreuse_lumiere"
	},
	"elements": [
		{
			"name": "Voxels",
			"from": [4.8, -0.4, 7.6],
			"to": [7.2, 0, 8.4],
			"faces": {
				"north": {"uv": [15.5, 14, 14, 14.25], "texture": "#devoreuse_de_lux", "cullface": "down"},
				"east": {"uv": [7.25, 8.75, 6.75, 9], "texture": "#devoreuse_de_lux", "cullface": "down"},
				"south": {"uv": [7.75, 11.5, 9.25, 11.75], "texture": "#devoreuse_de_lux", "cullface": "down"},
				"west": {"uv": [15.25, 9, 15.75, 9.25], "texture": "#devoreuse_de_lux", "cullface": "down"},
				"up": {"uv": [6, 15, 7.5, 14.5], "texture": "#devoreuse_de_lux", "cullface": "down"},
				"down": {"uv": [6, 15, 7.5, 15.5], "texture": "#devoreuse_de_lux", "cullface": "down"}
			}
		},
		{
			"name": "Voxels",
			"from": [5.2, -0.8, 7.6],
			"to": [6.4, -0.4, 8.4],
			"faces": {
				"north": {"uv": [16, 12.25, 15.25, 12.5], "texture": "#devoreuse_de_lux", "cullface": "down"},
				"east": {"uv": [9.25, 8.75, 8.75, 9], "texture": "#devoreuse_de_lux", "cullface": "down"},
				"south": {"uv": [15.25, 11.5, 16, 11.75], "texture": "#devoreuse_de_lux", "cullface": "down"},
				"west": {"uv": [8.25, 8.75, 8.75, 9], "texture": "#devoreuse_de_lux", "cullface": "down"},
				"down": {"uv": [15.25, 11.75, 16, 12.25], "texture": "#devoreuse_de_lux", "cullface": "down"}
			}
		},
		{
			"name": "Voxels",
			"from": [5.2, 1.6, 7.6],
			"to": [6.8, 2.4, 8.4],
			"faces": {
				"north": {"uv": [4.25, 11.75, 3.25, 12.25], "texture": "#devoreuse_de_lux"},
				"east": {"uv": [12.5, 14, 12, 14.5], "texture": "#devoreuse_de_lux"},
				"south": {"uv": [14.75, 12.5, 15.75, 13], "texture": "#devoreuse_de_lux"},
				"west": {"uv": [11.5, 14, 12, 14.5], "texture": "#devoreuse_de_lux"},
				"up": {"uv": [3.75, 11.5, 4.75, 11], "texture": "#devoreuse_de_lux"},
				"down": {"uv": [4.25, 11.75, 5.25, 12.25], "texture": "#devoreuse_de_lux"}
			}
		},
		{
			"name": "Voxels",
			"from": [5.2, 2.4, 7.6],
			"to": [5.6, 2.8, 8.4],
			"faces": {
				"north": {"uv": [7, 0.75, 6.75, 1], "texture": "#devoreuse_de_lux"},
				"east": {"uv": [10.25, 8.75, 9.75, 9], "texture": "#devoreuse_de_lux"},
				"south": {"uv": [6.75, 1, 7, 1.25], "texture": "#devoreuse_de_lux"},
				"west": {"uv": [9.25, 8.75, 9.75, 9], "texture": "#devoreuse_de_lux"},
				"up": {"uv": [6, 4.25, 6.25, 3.75], "texture": "#devoreuse_de_lux"}
			}
		},
		{
			"name": "Voxels",
			"from": [5.6, 1.2, 7.6],
			"to": [6.8, 1.6, 8.4],
			"faces": {
				"north": {"uv": [16, 11, 15.25, 11.25], "texture": "#devoreuse_de_lux"},
				"east": {"uv": [13.25, 8.75, 12.75, 9], "texture": "#devoreuse_de_lux"},
				"south": {"uv": [15.25, 10.75, 16, 11], "texture": "#devoreuse_de_lux"},
				"west": {"uv": [12.25, 8.75, 12.75, 9], "texture": "#devoreuse_de_lux"},
				"down": {"uv": [3.75, 6.5, 4.5, 7], "texture": "#devoreuse_de_lux"}
			}
		},
		{
			"name": "Voxels",
			"from": [6, 0, 7.6],
			"to": [6.8, 1.2, 8.4],
			"faces": {
				"north": {"uv": [4.5, 4.5, 4, 5.25], "texture": "#devoreuse_de_lux"},
				"east": {"uv": [4.25, 3, 3.75, 3.75], "texture": "#devoreuse_de_lux"},
				"south": {"uv": [3.75, 3.75, 4.25, 4.5], "texture": "#devoreuse_de_lux"},
				"west": {"uv": [4.25, 3.75, 4.75, 4.5], "texture": "#devoreuse_de_lux"}
			}
		},
		{
			"name": "Voxels",
			"from": [6, 2.4, 7.6],
			"to": [7.6, 2.8, 8.4],
			"faces": {
				"north": {"uv": [12.5, 10.5, 11.5, 10.75], "texture": "#devoreuse_de_lux"},
				"east": {"uv": [14.25, 8.75, 13.75, 9], "texture": "#devoreuse_de_lux"},
				"south": {"uv": [12.5, 10.5, 13.5, 10.75], "texture": "#devoreuse_de_lux"},
				"west": {"uv": [13.25, 8.75, 13.75, 9], "texture": "#devoreuse_de_lux"},
				"up": {"uv": [10.25, 12.25, 11.25, 11.75], "texture": "#devoreuse_de_lux"},
				"down": {"uv": [3.75, 7.5, 4.75, 8], "texture": "#devoreuse_de_lux"}
			}
		},
		{
			"name": "Voxels",
			"from": [6, 2.8, 7.6],
			"to": [6.4, 3.2, 8.4],
			"faces": {
				"north": {"uv": [16, 9.75, 15.75, 10], "texture": "#devoreuse_de_lux"},
				"east": {"uv": [9, 8.5, 8.5, 8.75], "texture": "#devoreuse_de_lux"},
				"south": {"uv": [3.5, 4.25, 3.75, 4.5], "texture": "#devoreuse_de_lux"},
				"west": {"uv": [7, 8.5, 7.5, 8.75], "texture": "#devoreuse_de_lux"},
				"up": {"uv": [6.75, 6.75, 7, 6.25], "texture": "#devoreuse_de_lux"}
			}
		},
		{
			"name": "Voxels",
			"from": [6.4, -0.4, 7.2],
			"to": [7.6, 0, 7.6],
			"faces": {
				"north": {"uv": [11.75, 10, 11, 10.25], "texture": "#devoreuse_de_lux", "cullface": "down"},
				"east": {"uv": [7.5, 3.75, 7.25, 4], "texture": "#devoreuse_de_lux", "cullface": "down"},
				"south": {"uv": [11.75, 10, 12.5, 10.25], "texture": "#devoreuse_de_lux", "cullface": "down"},
				"west": {"uv": [3, 0, 3.25, 0.25], "texture": "#devoreuse_de_lux", "cullface": "down"},
				"up": {"uv": [10.25, 10.25, 11, 10], "texture": "#devoreuse_de_lux", "cullface": "down"},
				"down": {"uv": [9.5, 10, 10.25, 10.25], "texture": "#devoreuse_de_lux", "cullface": "down"}
			}
		},
		{
			"name": "Voxels",
			"from": [6.4, -0.4, 8.4],
			"to": [7.6, 0, 8.8],
			"faces": {
				"north": {"uv": [6.75, 9.75, 6, 10], "texture": "#devoreuse_de_lux", "cullface": "down"},
				"east": {"uv": [7.5, 4.25, 7.25, 4.5], "texture": "#devoreuse_de_lux", "cullface": "down"},
				"south": {"uv": [6.75, 9.75, 7.5, 10], "texture": "#devoreuse_de_lux", "cullface": "down"},
				"west": {"uv": [7.25, 4, 7.5, 4.25], "texture": "#devoreuse_de_lux", "cullface": "down"},
				"up": {"uv": [14.75, 10.25, 15.5, 10], "texture": "#devoreuse_de_lux", "cullface": "down"},
				"down": {"uv": [14, 10, 14.75, 10.25], "texture": "#devoreuse_de_lux", "cullface": "down"}
			}
		},
		{
			"name": "Voxels",
			"from": [6.4, 0, 7.2],
			"to": [7.2, 0.4, 7.6],
			"faces": {
				"north": {"uv": [2.5, 0, 2, 0.25], "texture": "#devoreuse_de_lux"},
				"east": {"uv": [7.5, 5.75, 7.25, 6], "texture": "#devoreuse_de_lux"},
				"south": {"uv": [8, 14, 8.5, 14.25], "texture": "#devoreuse_de_lux"},
				"west": {"uv": [7.25, 5, 7.5, 5.25], "texture": "#devoreuse_de_lux"},
				"up": {"uv": [1.5, 0.25, 2, 0], "texture": "#devoreuse_de_lux"}
			}
		},
		{
			"name": "Voxels",
			"from": [6.4, 0, 8.4],
			"to": [7.2, 0.4, 8.8],
			"faces": {
				"north": {"uv": [10, 14, 9.5, 14.25], "texture": "#devoreuse_de_lux"},
				"east": {"uv": [7.5, 6.25, 7.25, 6.5], "texture": "#devoreuse_de_lux"},
				"south": {"uv": [11.25, 12.5, 11.75, 12.75], "texture": "#devoreuse_de_lux"},
				"west": {"uv": [7.25, 6, 7.5, 6.25], "texture": "#devoreuse_de_lux"},
				"up": {"uv": [9, 14.25, 9.5, 14], "texture": "#devoreuse_de_lux"}
			}
		},
		{
			"name": "Voxels",
			"from": [6.4, 0.4, 6.8],
			"to": [9.6, 0.8, 7.2],
			"faces": {
				"north": {"uv": [13.25, 12.25, 11.25, 12.5], "texture": "#devoreuse_de_lux"},
				"east": {"uv": [7.5, 7.25, 7.25, 7.5], "texture": "#devoreuse_de_lux"},
				"south": {"uv": [13.25, 12.25, 15.25, 12.5], "texture": "#devoreuse_de_lux"},
				"west": {"uv": [7.25, 6.5, 7.5, 6.75], "texture": "#devoreuse_de_lux"},
				"up": {"uv": [9.25, 12.5, 11.25, 12.25], "texture": "#devoreuse_de_lux"},
				"down": {"uv": [7.25, 12.25, 9.25, 12.5], "texture": "#devoreuse_de_lux"}
			}
		},
		{
			"name": "Voxels",
			"from": [6.4, 0.4, 7.2],
			"to": [6.8, 2.4, 7.6],
			"faces": {
				"north": {"uv": [5.5, 7.25, 5.25, 8.5], "texture": "#devoreuse_de_lux"},
				"east": {"uv": [5.25, 8.5, 5, 9.75], "texture": "#devoreuse_de_lux"},
				"west": {"uv": [4.75, 8.5, 5, 9.75], "texture": "#devoreuse_de_lux"},
				"up": {"uv": [7.25, 8, 7.5, 7.75], "texture": "#devoreuse_de_lux"}
			}
		},
		{
			"name": "Voxels",
			"from": [6.4, 0.4, 8.4],
			"to": [6.8, 2.4, 8.8],
			"faces": {
				"east": {"uv": [5.5, 8.5, 5.25, 9.75], "texture": "#devoreuse_de_lux"},
				"south": {"uv": [4.75, 6, 5, 7.25], "texture": "#devoreuse_de_lux"},
				"west": {"uv": [4.75, 7.25, 5, 8.5], "texture": "#devoreuse_de_lux"},
				"up": {"uv": [7, 0.5, 7.25, 0.25], "texture": "#devoreuse_de_lux"}
			}
		},
		{
			"name": "Voxels",
			"from": [6.4, 0.4, 8.8],
			"to": [9.6, 0.8, 9.2],
			"faces": {
				"north": {"uv": [5.75, 11.5, 3.75, 11.75], "texture": "#devoreuse_de_lux"},
				"east": {"uv": [7.25, 0.75, 7, 1], "texture": "#devoreuse_de_lux"},
				"south": {"uv": [5.75, 11.5, 7.75, 11.75], "texture": "#devoreuse_de_lux"},
				"west": {"uv": [7, 0.5, 7.25, 0.75], "texture": "#devoreuse_de_lux"},
				"up": {"uv": [12.25, 12, 14.25, 11.75], "texture": "#devoreuse_de_lux"},
				"down": {"uv": [12.25, 12, 14.25, 12.25], "texture": "#devoreuse_de_lux"}
			}
		},
		{
			"name": "Voxels",
			"from": [6.4, 0.8, 6.8],
			"to": [7.6, 1.2, 7.2],
			"faces": {
				"north": {"uv": [15, 9.75, 14.25, 10], "texture": "#devoreuse_de_lux"},
				"east": {"uv": [7.25, 3.25, 7, 3.5], "texture": "#devoreuse_de_lux"},
				"south": {"uv": [15, 9.75, 15.75, 10], "texture": "#devoreuse_de_lux"},
				"west": {"uv": [7, 1.5, 7.25, 1.75], "texture": "#devoreuse_de_lux"},
				"up": {"uv": [9.75, 9.5, 10.5, 9.25], "texture": "#devoreuse_de_lux"}
			}
		},
		{
			"name": "Voxels",
			"from": [6.4, 0.8, 8.8],
			"to": [7.6, 1.2, 9.2],
			"faces": {
				"north": {"uv": [9.75, 9.5, 9, 9.75], "texture": "#devoreuse_de_lux"},
				"east": {"uv": [7.25, 7.25, 7, 7.5], "texture": "#devoreuse_de_lux"},
				"south": {"uv": [9.75, 9.5, 10.5, 9.75], "texture": "#devoreuse_de_lux"},
				"west": {"uv": [7, 3.5, 7.25, 3.75], "texture": "#devoreuse_de_lux"},
				"up": {"uv": [8.25, 9.75, 9, 9.5], "texture": "#devoreuse_de_lux"}
			}
		},
		{
			"name": "Voxels",
			"from": [6.8, -7.2, 7.6],
			"to": [7.2, -6, 8.4],
			"faces": {
				"north": {"uv": [6, 4.25, 5.75, 5], "texture": "#devoreuse_de_lux", "cullface": "down"},
				"east": {"uv": [3.75, 3.5, 3.25, 4.25], "texture": "#devoreuse_de_lux", "cullface": "down"},
				"south": {"uv": [5.5, 3.5, 5.75, 4.25], "texture": "#devoreuse_de_lux", "cullface": "down"},
				"west": {"uv": [15.5, 14, 16, 14.75], "texture": "#devoreuse_de_lux", "cullface": "down"},
				"up": {"uv": [9, 13, 9.25, 12.5], "texture": "#devoreuse_de_lux", "cullface": "down"},
				"down": {"uv": [9, 13, 9.25, 13.5], "texture": "#devoreuse_de_lux", "cullface": "down"}
			}
		},
		{
			"name": "Voxels",
			"from": [6.8, -0.8, 7.2],
			"to": [9.2, -0.4, 7.6],
			"faces": {
				"north": {"uv": [15.25, 11.5, 13.75, 11.75], "texture": "#devoreuse_de_lux", "cullface": "down"},
				"east": {"uv": [7.25, 7.75, 7, 8], "texture": "#devoreuse_de_lux", "cullface": "down"},
				"south": {"uv": [4.75, 11.25, 6.25, 11.5], "texture": "#devoreuse_de_lux", "cullface": "down"},
				"west": {"uv": [7, 7.5, 7.25, 7.75], "texture": "#devoreuse_de_lux", "cullface": "down"},
				"up": {"uv": [12.25, 11.75, 13.75, 11.5], "texture": "#devoreuse_de_lux", "cullface": "down"},
				"down": {"uv": [10.75, 11.5, 12.25, 11.75], "texture": "#devoreuse_de_lux", "cullface": "down"}
			}
		},
		{
			"name": "Voxels",
			"from": [6.8, -0.8, 7.6],
			"to": [7.6, -0.4, 8.8],
			"faces": {
				"east": {"uv": [14.25, 9.75, 13.5, 10], "texture": "#devoreuse_de_lux", "cullface": "down"},
				"south": {"uv": [10.75, 12.5, 11.25, 12.75], "texture": "#devoreuse_de_lux", "cullface": "down"},
				"west": {"uv": [12, 9.25, 12.75, 9.5], "texture": "#devoreuse_de_lux", "cullface": "down"},
				"up": {"uv": [3.25, 2.75, 3.75, 2], "texture": "#devoreuse_de_lux", "cullface": "down"},
				"down": {"uv": [3.25, 2.75, 3.75, 3.5], "texture": "#devoreuse_de_lux", "cullface": "down"}
			}
		},
		{
			"name": "Voxels",
			"from": [6.8, -0.4, 6.8],
			"to": [9.2, 0.4, 7.2],
			"faces": {
				"north": {"uv": [5.25, 12.5, 3.75, 13], "texture": "#devoreuse_de_lux", "cullface": "down"},
				"east": {"uv": [16, 13, 15.75, 13.5], "texture": "#devoreuse_de_lux", "cullface": "down"},
				"south": {"uv": [6.25, 13.5, 7.75, 14], "texture": "#devoreuse_de_lux", "cullface": "down"},
				"west": {"uv": [15.75, 13.5, 16, 14], "texture": "#devoreuse_de_lux", "cullface": "down"},
				"down": {"uv": [10.75, 11.25, 12.25, 11.5], "texture": "#devoreuse_de_lux", "cullface": "down"}
			}
		},
		{
			"name": "Voxels",
			"from": [6.8, -0.4, 8.8],
			"to": [9.2, 0.4, 9.2],
			"faces": {
				"north": {"uv": [7.5, 14, 6, 14.5], "texture": "#devoreuse_de_lux", "cullface": "down"},
				"east": {"uv": [4.75, 7, 4.5, 7.5], "texture": "#devoreuse_de_lux", "cullface": "down"},
				"south": {"uv": [10, 15.5, 11.5, 16], "texture": "#devoreuse_de_lux", "cullface": "down"},
				"west": {"uv": [15.75, 12.5, 16, 13], "texture": "#devoreuse_de_lux", "cullface": "down"},
				"down": {"uv": [13.75, 11.25, 15.25, 11.5], "texture": "#devoreuse_de_lux", "cullface": "down"}
			}
		},
		{
			"name": "Voxels",
			"from": [6.8, 1.2, 6.8],
			"to": [9.2, 2, 7.2],
			"faces": {
				"north": {"uv": [11.5, 14.5, 10, 15], "texture": "#devoreuse_de_lux"},
				"east": {"uv": [4.75, 6, 4.5, 6.5], "texture": "#devoreuse_de_lux"},
				"south": {"uv": [10, 14, 11.5, 14.5], "texture": "#devoreuse_de_lux"},
				"west": {"uv": [4.5, 6.5, 4.75, 7], "texture": "#devoreuse_de_lux"},
				"up": {"uv": [9.25, 11.25, 10.75, 11], "texture": "#devoreuse_de_lux"},
				"down": {"uv": [9.25, 11.25, 10.75, 11.5], "texture": "#devoreuse_de_lux"}
			}
		},
		{
			"name": "Voxels",
			"from": [6.8, 1.2, 7.2],
			"to": [7.2, 2.4, 7.6],
			"faces": {
				"north": {"uv": [5.5, 6.5, 5.25, 7.25], "texture": "#devoreuse_de_lux"},
				"east": {"uv": [5.75, 6.5, 5.5, 7.25], "texture": "#devoreuse_de_lux"},
				"south": {"uv": [5.5, 7.25, 5.75, 8], "texture": "#devoreuse_de_lux"},
				"up": {"uv": [15.75, 8.75, 16, 8.5], "texture": "#devoreuse_de_lux"},
				"down": {"uv": [7, 8.25, 7.25, 8.5], "texture": "#devoreuse_de_lux"}
			}
		},
		{
			"name": "Voxels",
			"from": [6.8, 1.2, 8.4],
			"to": [7.2, 2.4, 8.8],
			"faces": {
				"north": {"uv": [5.75, 5.75, 5.5, 6.5], "texture": "#devoreuse_de_lux"},
				"east": {"uv": [6, 5, 5.75, 5.75], "texture": "#devoreuse_de_lux"},
				"south": {"uv": [5.75, 5.75, 6, 6.5], "texture": "#devoreuse_de_lux"},
				"up": {"uv": [14.75, 8.75, 15, 8.5], "texture": "#devoreuse_de_lux"},
				"down": {"uv": [15.25, 8.5, 15.5, 8.75], "texture": "#devoreuse_de_lux"}
			}
		},
		{
			"name": "Voxels",
			"from": [6.8, 1.2, 8.8],
			"to": [9.2, 2, 9.2],
			"faces": {
				"north": {"uv": [15.5, 14.25, 14, 14.75], "texture": "#devoreuse_de_lux"},
				"east": {"uv": [5.5, 5.5, 5.25, 6], "texture": "#devoreuse_de_lux"},
				"south": {"uv": [10, 15, 11.5, 15.5], "texture": "#devoreuse_de_lux"},
				"west": {"uv": [5.25, 6, 5.5, 6.5], "texture": "#devoreuse_de_lux"},
				"up": {"uv": [7.75, 11, 9.25, 10.75], "texture": "#devoreuse_de_lux"},
				"down": {"uv": [6.25, 10.75, 7.75, 11], "texture": "#devoreuse_de_lux"}
			}
		},
		{
			"name": "Voxels",
			"from": [6.8, 2, 7.6],
			"to": [7.2, 2.4, 8.4],
			"faces": {
				"east": {"uv": [16, 10.5, 15.5, 10.75], "texture": "#devoreuse_de_lux"},
				"down": {"uv": [5.25, 5, 5.5, 5.5], "texture": "#devoreuse_de_lux"}
			}
		},
		{
			"name": "Voxels",
			"from": [6.8, 2.8, 7.6],
			"to": [10, 3.2, 8.4],
			"faces": {
				"north": {"uv": [5.25, 12.25, 3.25, 12.5], "texture": "#devoreuse_de_lux"},
				"east": {"uv": [16, 10, 15.5, 10.25], "texture": "#devoreuse_de_lux"},
				"south": {"uv": [5.25, 12.25, 7.25, 12.5], "texture": "#devoreuse_de_lux"},
				"west": {"uv": [15.5, 10.25, 16, 10.5], "texture": "#devoreuse_de_lux"},
				"up": {"uv": [3.5, 16, 5.5, 15.5], "texture": "#devoreuse_de_lux"},
				"down": {"uv": [6, 15.5, 8, 16], "texture": "#devoreuse_de_lux"}
			}
		},
		{
			"name": "Voxels",
			"from": [6.8, 4.8, 7.6],
			"to": [9.2, 5.2, 8.4],
			"faces": {
				"north": {"uv": [7.75, 11, 6.25, 11.25], "texture": "#devoreuse_de_lux"},
				"east": {"uv": [6, 3, 5.5, 3.25], "texture": "#devoreuse_de_lux"},
				"south": {"uv": [7.75, 11, 9.25, 11.25], "texture": "#devoreuse_de_lux"},
				"west": {"uv": [5.5, 3.25, 6, 3.5], "texture": "#devoreuse_de_lux"},
				"up": {"uv": [14, 15.25, 15.5, 14.75], "texture": "#devoreuse_de_lux"},
				"down": {"uv": [6.25, 13, 7.75, 13.5], "texture": "#devoreuse_de_lux"}
			}
		},
		{
			"name": "Voxels",
			"from": [6.8, 5.2, 7.6],
			"to": [7.2, 5.6, 8.4],
			"faces": {
				"north": {"uv": [14.25, 8.5, 14, 8.75], "texture": "#devoreuse_de_lux"},
				"east": {"uv": [6, 2.5, 5.5, 2.75], "texture": "#devoreuse_de_lux"},
				"south": {"uv": [13, 8.5, 13.25, 8.75], "texture": "#devoreuse_de_lux"},
				"west": {"uv": [5.5, 2.75, 6, 3], "texture": "#devoreuse_de_lux"},
				"up": {"uv": [5.25, 4, 5.5, 3.5], "texture": "#devoreuse_de_lux"}
			}
		},
		{
			"name": "Voxels",
			"from": [6.8, 6.4, 7.6],
			"to": [9.2, 6.8, 8.4],
			"faces": {
				"north": {"uv": [13.75, 11, 12.25, 11.25], "texture": "#devoreuse_de_lux"},
				"east": {"uv": [6, 2, 5.5, 2.25], "texture": "#devoreuse_de_lux"},
				"south": {"uv": [13.75, 11, 15.25, 11.25], "texture": "#devoreuse_de_lux"},
				"west": {"uv": [5.5, 2.25, 6, 2.5], "texture": "#devoreuse_de_lux"},
				"up": {"uv": [7.75, 14, 9.25, 13.5], "texture": "#devoreuse_de_lux"},
				"down": {"uv": [6.25, 12.5, 7.75, 13], "texture": "#devoreuse_de_lux"}
			}
		},
		{
			"name": "Voxels",
			"from": [7.2, -7.6, 7.6],
			"to": [8.8, -7.2, 8.4],
			"faces": {
				"north": {"uv": [8.5, 10, 7.5, 10.25], "texture": "#devoreuse_de_lux", "cullface": "down"},
				"east": {"uv": [14.75, 8.75, 14.25, 9], "texture": "#devoreuse_de_lux", "cullface": "down"},
				"south": {"uv": [14.25, 10.75, 15.25, 11], "texture": "#devoreuse_de_lux", "cullface": "down"},
				"west": {"uv": [5.5, 1.75, 6, 2], "texture": "#devoreuse_de_lux", "cullface": "down"},
				"up": {"uv": [3.75, 10, 4.75, 9.5], "texture": "#devoreuse_de_lux", "cullface": "down"},
				"down": {"uv": [3.75, 10, 4.75, 10.5], "texture": "#devoreuse_de_lux", "cullface": "down"}
			}
		},
		{
			"name": "Voxels",
			"from": [7.2, -6.8, 7.6],
			"to": [9.2, -6, 8.4],
			"faces": {
				"north": {"uv": [13.5, 12.5, 12.25, 13], "texture": "#devoreuse_de_lux", "cullface": "down"},
				"east": {"uv": [6, 9, 5.5, 9.5], "texture": "#devoreuse_de_lux", "cullface": "down"},
				"south": {"uv": [13.5, 13.5, 14.75, 14], "texture": "#devoreuse_de_lux", "cullface": "down"},
				"up": {"uv": [12.25, 13.5, 13.5, 13], "texture": "#devoreuse_de_lux", "cullface": "down"},
				"down": {"uv": [12.25, 13.5, 13.5, 14], "texture": "#devoreuse_de_lux", "cullface": "down"}
			}
		},
		{
			"name": "Voxels",
			"from": [7.2, -6, 7.6],
			"to": [8.8, -4.4, 8.4],
			"faces": {
				"north": {"uv": [4.5, 14.5, 3.5, 15.5], "texture": "#devoreuse_de_lux", "cullface": "down"},
				"east": {"uv": [14.5, 12.5, 14, 13.5], "texture": "#devoreuse_de_lux", "cullface": "down"},
				"south": {"uv": [4.5, 14.5, 5.5, 15.5], "texture": "#devoreuse_de_lux", "cullface": "down"},
				"west": {"uv": [3.25, 10.75, 3.75, 11.75], "texture": "#devoreuse_de_lux", "cullface": "down"},
				"up": {"uv": [9.25, 12.25, 10.25, 11.75], "texture": "#devoreuse_de_lux", "cullface": "down"}
			}
		},
		{
			"name": "Voxels",
			"from": [7.2, -4, 7.6],
			"to": [8.8, -0.8, 8.4],
			"faces": {
				"north": {"uv": [3.5, 14, 2.5, 16], "texture": "#devoreuse_de_lux", "cullface": "down"},
				"east": {"uv": [6, 14, 5.5, 16], "texture": "#devoreuse_de_lux", "cullface": "down"},
				"south": {"uv": [0, 0.5, 1, 2.5], "texture": "#devoreuse_de_lux", "cullface": "down"},
				"west": {"uv": [1, 0.5, 1.5, 2.5], "texture": "#devoreuse_de_lux", "cullface": "down"},
				"up": {"uv": [5.25, 12.25, 6.25, 11.75], "texture": "#devoreuse_de_lux", "cullface": "down"},
				"down": {"uv": [6.25, 11.75, 7.25, 12.25], "texture": "#devoreuse_de_lux", "cullface": "down"}
			}
		},
		{
			"name": "Voxels",
			"from": [7.2, -1.2, 7.2],
			"to": [8.4, -0.8, 7.6],
			"faces": {
				"north": {"uv": [14.25, 9.5, 13.5, 9.75], "texture": "#devoreuse_de_lux", "cullface": "down"},
				"east": {"uv": [14.75, 12.5, 14.5, 12.75], "texture": "#devoreuse_de_lux", "cullface": "down"},
				"west": {"uv": [6.75, 1.25, 7, 1.5], "texture": "#devoreuse_de_lux", "cullface": "down"},
				"down": {"uv": [8.25, 9.25, 9, 9.5], "texture": "#devoreuse_de_lux", "cullface": "down"}
			}
		},
		{
			"name": "Voxels",
			"from": [7.2, -1.2, 8.4],
			"to": [8.4, -0.8, 8.8],
			"faces": {
				"east": {"uv": [15.75, 8.5, 15.5, 8.75], "texture": "#devoreuse_de_lux", "cullface": "down"},
				"south": {"uv": [7.5, 9.25, 8.25, 9.5], "texture": "#devoreuse_de_lux", "cullface": "down"},
				"west": {"uv": [7, 8, 7.25, 8.25], "texture": "#devoreuse_de_lux", "cullface": "down"},
				"down": {"uv": [12.5, 10, 13.25, 10.25], "texture": "#devoreuse_de_lux", "cullface": "down"}
			}
		},
		{
			"name": "Voxels",
			"from": [7.2, 0.4, 6.4],
			"to": [8.8, 1.6, 6.8],
			"faces": {
				"north": {"uv": [6.25, 13.25, 5.25, 14], "texture": "#devoreuse_de_lux"},
				"east": {"uv": [14.75, 12.75, 14.5, 13.5], "texture": "#devoreuse_de_lux"},
				"south": {"uv": [14, 15.25, 15, 16], "texture": "#devoreuse_de_lux"},
				"west": {"uv": [5.75, 6.5, 6, 7.25], "texture": "#devoreuse_de_lux"},
				"up": {"uv": [13.25, 11, 14.25, 10.75], "texture": "#devoreuse_de_lux"},
				"down": {"uv": [5.5, 10, 6.5, 10.25], "texture": "#devoreuse_de_lux"}
			}
		},
		{
			"name": "Voxels",
			"from": [7.2, 0.4, 9.2],
			"to": [8.8, 1.6, 9.6],
			"faces": {
				"north": {"uv": [16, 15.25, 15, 16], "texture": "#devoreuse_de_lux"},
				"east": {"uv": [4.75, 4.5, 4.5, 5.25], "texture": "#devoreuse_de_lux"},
				"south": {"uv": [5.25, 12.5, 6.25, 13.25], "texture": "#devoreuse_de_lux"},
				"west": {"uv": [4.5, 5.25, 4.75, 6], "texture": "#devoreuse_de_lux"},
				"up": {"uv": [10.5, 10.5, 11.5, 10.25], "texture": "#devoreuse_de_lux"},
				"down": {"uv": [9.5, 10.5, 10.5, 10.75], "texture": "#devoreuse_de_lux"}
			}
		},
		{
			"name": "Voxels",
			"from": [7.2, 2, 6.8],
			"to": [8.8, 2.4, 7.6],
			"faces": {
				"north": {"uv": [8.5, 10.5, 7.5, 10.75], "texture": "#devoreuse_de_lux"},
				"east": {"uv": [15.75, 9.25, 15.25, 9.5], "texture": "#devoreuse_de_lux"},
				"south": {"uv": [5.5, 10.25, 6.5, 10.5], "texture": "#devoreuse_de_lux"},
				"west": {"uv": [6.25, 2.5, 6.75, 2.75], "texture": "#devoreuse_de_lux"},
				"up": {"uv": [11.25, 12.25, 12.25, 11.75], "texture": "#devoreuse_de_lux"},
				"down": {"uv": [14.25, 11.75, 15.25, 12.25], "texture": "#devoreuse_de_lux"}
			}
		},
		{
			"name": "Voxels",
			"from": [7.2, 2, 8.4],
			"to": [9.6, 2.4, 8.8],
			"faces": {
				"north": {"uv": [7.75, 11.25, 6.25, 11.5], "texture": "#devoreuse_de_lux"},
				"east": {"uv": [12, 8.5, 11.75, 8.75], "texture": "#devoreuse_de_lux"},
				"south": {"uv": [7.75, 11.25, 9.25, 11.5], "texture": "#devoreuse_de_lux"},
				"up": {"uv": [9.25, 11.75, 10.75, 11.5], "texture": "#devoreuse_de_lux"},
				"down": {"uv": [9.25, 10.75, 10.75, 11], "texture": "#devoreuse_de_lux"}
			}
		},
		{
			"name": "Voxels",
			"from": [7.2, 2, 8.8],
			"to": [8.8, 2.4, 9.2],
			"faces": {
				"east": {"uv": [13, 8.5, 12.75, 8.75], "texture": "#devoreuse_de_lux"},
				"south": {"uv": [10.5, 10.5, 11.5, 10.75], "texture": "#devoreuse_de_lux"},
				"west": {"uv": [12.5, 8.5, 12.75, 8.75], "texture": "#devoreuse_de_lux"},
				"up": {"uv": [14.5, 10.75, 15.5, 10.5], "texture": "#devoreuse_de_lux"}
			}
		},
		{
			"name": "Voxels",
			"from": [7.2, 2.4, 7.2],
			"to": [8.8, 3.2, 7.6],
			"faces": {
				"north": {"uv": [8.25, 11.75, 7.25, 12.25], "texture": "#devoreuse_de_lux"},
				"east": {"uv": [6.25, 6.75, 6, 7.25], "texture": "#devoreuse_de_lux"},
				"south": {"uv": [8.25, 11.75, 9.25, 12.25], "texture": "#devoreuse_de_lux"},
				"west": {"uv": [5.25, 3, 5.5, 3.5], "texture": "#devoreuse_de_lux"},
				"up": {"uv": [5.5, 10.75, 6.5, 10.5], "texture": "#devoreuse_de_lux"}
			}
		},
		{
			"name": "Voxels",
			"from": [7.2, 2.4, 8.4],
			"to": [8.8, 3.2, 8.8],
			"faces": {
				"north": {"uv": [15.75, 13.5, 14.75, 14], "texture": "#devoreuse_de_lux"},
				"east": {"uv": [6.25, 7.75, 6, 8.25], "texture": "#devoreuse_de_lux"},
				"south": {"uv": [3.75, 10.5, 4.75, 11], "texture": "#devoreuse_de_lux"},
				"west": {"uv": [6, 7.25, 6.25, 7.75], "texture": "#devoreuse_de_lux"},
				"up": {"uv": [12.5, 10.5, 13.5, 10.25], "texture": "#devoreuse_de_lux"}
			}
		},
		{
			"name": "Voxels",
			"from": [7.2, 3.2, 7.6],
			"to": [8.8, 3.6, 8.4],
			"faces": {
				"north": {"uv": [15.5, 10.25, 14.5, 10.5], "texture": "#devoreuse_de_lux"},
				"east": {"uv": [6, 1.25, 5.5, 1.5], "texture": "#devoreuse_de_lux"},
				"south": {"uv": [13.5, 10.25, 14.5, 10.5], "texture": "#devoreuse_de_lux"},
				"west": {"uv": [5.5, 1, 6, 1.25], "texture": "#devoreuse_de_lux"},
				"up": {"uv": [3.75, 9, 4.75, 8.5], "texture": "#devoreuse_de_lux"}
			}
		},
		{
			"name": "Voxels",
			"from": [7.2, 8.4, 7.6],
			"to": [8.8, 19.2, 8.4],
			"faces": {
				"north": {"uv": [1, 9.25, 0, 16], "texture": "#devoreuse_de_lux", "cullface": "up"},
				"east": {"uv": [1.5, 9.25, 1, 16], "texture": "#devoreuse_de_lux", "cullface": "up"},
				"south": {"uv": [0, 2.5, 1, 9.25], "texture": "#devoreuse_de_lux", "cullface": "up"},
				"west": {"uv": [1, 2.5, 1.5, 9.25], "texture": "#devoreuse_de_lux", "cullface": "up"},
				"up": {"uv": [3.75, 8.5, 4.75, 8], "texture": "#devoreuse_de_lux", "cullface": "up"},
				"down": {"uv": [3.5, 14, 4.5, 14.5], "texture": "#devoreuse_de_lux", "cullface": "up"}
			}
		},
		{
			"name": "Voxels",
			"from": [7.6, -10, 7.6],
			"to": [8.4, -7.6, 8.4],
			"faces": {
				"north": {"uv": [10.25, 12.5, 9.75, 14], "texture": "#devoreuse_de_lux", "cullface": "down"},
				"east": {"uv": [12.5, 14.5, 12, 16], "texture": "#devoreuse_de_lux", "cullface": "down"},
				"south": {"uv": [9.25, 12.5, 9.75, 14], "texture": "#devoreuse_de_lux", "cullface": "down"},
				"west": {"uv": [11.5, 14.5, 12, 16], "texture": "#devoreuse_de_lux", "cullface": "down"},
				"down": {"uv": [4.75, 0, 5.25, 0.5], "texture": "#devoreuse_de_lux", "cullface": "down"}
			}
		},
		{
			"name": "Voxels",
			"from": [7.6, -7.2, 7.6],
			"to": [8.4, -6.8, 8.4],
			"faces": {
				"north": {"uv": [8.25, 9, 7.75, 9.25], "texture": "#devoreuse_de_lux", "cullface": "down"},
				"east": {"uv": [15.25, 8.75, 14.75, 9], "texture": "#devoreuse_de_lux", "cullface": "down"},
				"south": {"uv": [14.25, 9, 14.75, 9.25], "texture": "#devoreuse_de_lux", "cullface": "down"},
				"west": {"uv": [14.75, 9, 15.25, 9.25], "texture": "#devoreuse_de_lux", "cullface": "down"}
			}
		},
		{
			"name": "Voxels",
			"from": [7.6, -6.8, 7.2],
			"to": [8.4, -4.4, 7.6],
			"faces": {
				"north": {"uv": [3.75, 12.5, 3.25, 14], "texture": "#devoreuse_de_lux", "cullface": "down"},
				"east": {"uv": [3.5, 0.5, 3.25, 2], "texture": "#devoreuse_de_lux", "cullface": "down"},
				"west": {"uv": [3.5, 4.5, 3.75, 6], "texture": "#devoreuse_de_lux", "cullface": "down"},
				"up": {"uv": [5.5, 1.75, 6, 1.5], "texture": "#devoreuse_de_lux", "cullface": "down"},
				"down": {"uv": [15.25, 8.75, 15.75, 9], "texture": "#devoreuse_de_lux", "cullface": "down"}
			}
		},
		{
			"name": "Voxels",
			"from": [7.6, -6.8, 8.4],
			"to": [8.4, -4.4, 8.8],
			"faces": {
				"east": {"uv": [4, 4.5, 3.75, 6], "texture": "#devoreuse_de_lux", "cullface": "down"},
				"south": {"uv": [13.5, 14.5, 14, 16], "texture": "#devoreuse_de_lux", "cullface": "down"},
				"west": {"uv": [3.5, 0.5, 3.75, 2], "texture": "#devoreuse_de_lux", "cullface": "down"},
				"up": {"uv": [5.5, 0.75, 6, 0.5], "texture": "#devoreuse_de_lux", "cullface": "down"},
				"down": {"uv": [5.5, 0.75, 6, 1], "texture": "#devoreuse_de_lux", "cullface": "down"}
			}
		},
		{
			"name": "Voxels",
			"from": [7.6, -4.4, 7.6],
			"to": [8.4, -4, 8.4],
			"faces": {
				"north": {"uv": [6, 0.25, 5.5, 0.5], "texture": "#devoreuse_de_lux", "cullface": "down"},
				"east": {"uv": [13.25, 9.25, 12.75, 9.5], "texture": "#devoreuse_de_lux", "cullface": "down"},
				"south": {"uv": [6.25, 6.25, 6.75, 6.5], "texture": "#devoreuse_de_lux", "cullface": "down"},
				"west": {"uv": [5.5, 0, 6, 0.25], "texture": "#devoreuse_de_lux", "cullface": "down"}
			}
		},
		{
			"name": "Voxels",
			"from": [7.6, -4, 7.2],
			"to": [8.4, -1.2, 7.6],
			"faces": {
				"north": {"uv": [9, 14.25, 8.5, 16], "texture": "#devoreuse_de_lux", "cullface": "down"},
				"east": {"uv": [3.5, 6, 3.25, 7.75], "texture": "#devoreuse_de_lux", "cullface": "down"},
				"west": {"uv": [3, 0.25, 3.25, 2], "texture": "#devoreuse_de_lux", "cullface": "down"},
				"down": {"uv": [13.25, 9.25, 13.75, 9.5], "texture": "#devoreuse_de_lux", "cullface": "down"}
			}
		},
		{
			"name": "Voxels",
			"from": [7.6, -4, 8.4],
			"to": [8.4, -1.2, 8.8],
			"faces": {
				"east": {"uv": [3.75, 6, 3.5, 7.75], "texture": "#devoreuse_de_lux", "cullface": "down"},
				"south": {"uv": [9.5, 14.25, 10, 16], "texture": "#devoreuse_de_lux", "cullface": "down"},
				"west": {"uv": [3.25, 4.25, 3.5, 6], "texture": "#devoreuse_de_lux", "cullface": "down"},
				"down": {"uv": [14.25, 9.25, 14.75, 9.5], "texture": "#devoreuse_de_lux", "cullface": "down"}
			}
		},
		{
			"name": "Voxels",
			"from": [7.6, -1.2, 6.8],
			"to": [8, -0.4, 7.2],
			"faces": {
				"north": {"uv": [5.5, 2.5, 5.25, 3], "texture": "#devoreuse_de_lux", "cullface": "down"},
				"east": {"uv": [5.5, 1, 5.25, 1.5], "texture": "#devoreuse_de_lux", "cullface": "down"},
				"west": {"uv": [5.25, 1.5, 5.5, 2], "texture": "#devoreuse_de_lux", "cullface": "down"},
				"down": {"uv": [11, 8.5, 11.25, 8.75], "texture": "#devoreuse_de_lux", "cullface": "down"}
			}
		},
		{
			"name": "Voxels",
			"from": [7.6, -1.2, 8.8],
			"to": [8, -0.4, 9.2],
			"faces": {
				"east": {"uv": [6.25, 8.25, 6, 8.75], "texture": "#devoreuse_de_lux", "cullface": "down"},
				"south": {"uv": [5.25, 0, 5.5, 0.5], "texture": "#devoreuse_de_lux", "cullface": "down"},
				"west": {"uv": [6, 8.75, 6.25, 9.25], "texture": "#devoreuse_de_lux", "cullface": "down"},
				"down": {"uv": [6.75, 0.5, 7, 0.75], "texture": "#devoreuse_de_lux", "cullface": "down"}
			}
		},
		{
			"name": "Voxels",
			"from": [7.6, -0.8, 8.4],
			"to": [9.2, -0.4, 8.8],
			"faces": {
				"north": {"uv": [7.5, 10.5, 6.5, 10.75], "texture": "#devoreuse_de_lux", "cullface": "down"},
				"east": {"uv": [16, 9, 15.75, 9.25], "texture": "#devoreuse_de_lux", "cullface": "down"},
				"south": {"uv": [8.5, 10.5, 9.5, 10.75], "texture": "#devoreuse_de_lux", "cullface": "down"},
				"up": {"uv": [8.5, 10.25, 9.5, 10], "texture": "#devoreuse_de_lux", "cullface": "down"},
				"down": {"uv": [9.5, 10.25, 10.5, 10.5], "texture": "#devoreuse_de_lux", "cullface": "down"}
			}
		},
		{
			"name": "Voxels",
			"from": [7.6, 0, 6.4],
			"to": [8.4, 0.4, 6.8],
			"faces": {
				"north": {"uv": [6.75, 8.5, 6.25, 8.75], "texture": "#devoreuse_de_lux"},
				"east": {"uv": [7.5, 2.75, 7.25, 3], "texture": "#devoreuse_de_lux"},
				"west": {"uv": [6, 0, 6.25, 0.25], "texture": "#devoreuse_de_lux"},
				"down": {"uv": [6.25, 9, 6.75, 9.25], "texture": "#devoreuse_de_lux", "cullface": "down"}
			}
		},
		{
			"name": "Voxels",
			"from": [7.6, 0, 9.2],
			"to": [8.4, 0.4, 9.6],
			"faces": {
				"east": {"uv": [7.25, 2, 7, 2.25], "texture": "#devoreuse_de_lux"},
				"south": {"uv": [6.25, 7.25, 6.75, 7.5], "texture": "#devoreuse_de_lux"},
				"west": {"uv": [7, 1.75, 7.25, 2], "texture": "#devoreuse_de_lux"},
				"down": {"uv": [6.25, 8, 6.75, 8.25], "texture": "#devoreuse_de_lux", "cullface": "down"}
			}
		},
		{
			"name": "Voxels",
			"from": [7.6, 1.6, 6.4],
			"to": [8.4, 2, 6.8],
			"faces": {
				"north": {"uv": [6.75, 6.5, 6.25, 6.75], "texture": "#devoreuse_de_lux"},
				"east": {"uv": [16, 9.5, 15.75, 9.75], "texture": "#devoreuse_de_lux"},
				"west": {"uv": [7, 2.25, 7.25, 2.5], "texture": "#devoreuse_de_lux"},
				"up": {"uv": [6.25, 7, 6.75, 6.75], "texture": "#devoreuse_de_lux"}
			}
		},
		{
			"name": "Voxels",
			"from": [7.6, 1.6, 9.2],
			"to": [8.4, 2, 9.6],
			"faces": {
				"east": {"uv": [7, 0, 6.75, 0.25], "texture": "#devoreuse_de_lux"},
				"south": {"uv": [6.25, 5.25, 6.75, 5.5], "texture": "#devoreuse_de_lux"},
				"west": {"uv": [15.75, 9.25, 16, 9.5], "texture": "#devoreuse_de_lux"},
				"up": {"uv": [6.25, 6, 6.75, 5.75], "texture": "#devoreuse_de_lux"}
			}
		},
		{
			"name": "Voxels",
			"from": [7.6, 2.4, 6.8],
			"to": [8.4, 2.8, 7.2],
			"faces": {
				"north": {"uv": [6.75, 4.5, 6.25, 4.75], "texture": "#devoreuse_de_lux"},
				"east": {"uv": [7.25, 3, 7, 3.25], "texture": "#devoreuse_de_lux"},
				"west": {"uv": [15, 8.5, 15.25, 8.75], "texture": "#devoreuse_de_lux"},
				"up": {"uv": [6.25, 5, 6.75, 4.75], "texture": "#devoreuse_de_lux"}
			}
		},
		{
			"name": "Voxels",
			"from": [7.6, 2.4, 8.8],
			"to": [8.4, 2.8, 9.2],
			"faces": {
				"east": {"uv": [13.5, 8.5, 13.25, 8.75], "texture": "#devoreuse_de_lux"},
				"south": {"uv": [6.25, 3.25, 6.75, 3.5], "texture": "#devoreuse_de_lux"},
				"west": {"uv": [11.5, 8.5, 11.75, 8.75], "texture": "#devoreuse_de_lux"},
				"up": {"uv": [6.25, 4, 6.75, 3.75], "texture": "#devoreuse_de_lux"}
			}
		},
		{
			"name": "Voxels",
			"from": [7.6, 3.2, 7.2],
			"to": [8.4, 12.8, 7.6],
			"faces": {
				"north": {"uv": [2, 4, 1.5, 10], "texture": "#devoreuse_de_lux"},
				"east": {"uv": [3.25, 2, 3, 8], "texture": "#devoreuse_de_lux"},
				"west": {"uv": [2.5, 0.5, 2.75, 6.5], "texture": "#devoreuse_de_lux"},
				"up": {"uv": [6.25, 3, 6.75, 2.75], "texture": "#devoreuse_de_lux"}
			}
		},
		{
			"name": "Voxels",
			"from": [7.6, 3.2, 8.4],
			"to": [8.4, 12.8, 8.8],
			"faces": {
				"east": {"uv": [3, 0.5, 2.75, 6.5], "texture": "#devoreuse_de_lux"},
				"south": {"uv": [2, 10, 2.5, 16], "texture": "#devoreuse_de_lux"},
				"west": {"uv": [3, 8, 3.25, 14], "texture": "#devoreuse_de_lux"},
				"up": {"uv": [6.25, 2.25, 6.75, 2], "texture": "#devoreuse_de_lux"}
			}
		},
		{
			"name": "Voxels",
			"from": [7.6, 3.6, 7.6],
			"to": [8.4, 4.8, 8.4],
			"faces": {
				"east": {"uv": [4.75, 2.25, 4.25, 3], "texture": "#devoreuse_de_lux"},
				"west": {"uv": [3.75, 2.25, 4.25, 3], "texture": "#devoreuse_de_lux"}
			}
		},
		{
			"name": "Voxels",
			"from": [7.6, 5.2, 7.6],
			"to": [8.4, 6.4, 8.4],
			"faces": {
				"east": {"uv": [4.75, 0.75, 4.25, 1.5], "texture": "#devoreuse_de_lux"},
				"west": {"uv": [3.75, 0.75, 4.25, 1.5], "texture": "#devoreuse_de_lux"}
			}
		},
		{
			"name": "Voxels",
			"from": [7.6, 6.8, 7.6],
			"to": [8.4, 8.4, 8.4],
			"faces": {
				"east": {"uv": [14, 12.5, 13.5, 13.5], "texture": "#devoreuse_de_lux"},
				"west": {"uv": [3.25, 7.75, 3.75, 8.75], "texture": "#devoreuse_de_lux"}
			}
		},
		{
			"name": "Voxels",
			"from": [7.6, 19.2, 7.6],
			"to": [8.4, 25.2, 8.4],
			"faces": {
				"north": {"uv": [3, 6.5, 2.5, 10.25], "texture": "#devoreuse_de_lux", "cullface": "up"},
				"east": {"uv": [2, 0.25, 1.5, 4], "texture": "#devoreuse_de_lux", "cullface": "up"},
				"south": {"uv": [2.5, 10.25, 3, 14], "texture": "#devoreuse_de_lux", "cullface": "up"},
				"west": {"uv": [2, 0.25, 2.5, 4], "texture": "#devoreuse_de_lux", "cullface": "up"},
				"up": {"uv": [4.75, 5, 5.25, 4.5], "texture": "#devoreuse_de_lux", "cullface": "up"}
			}
		},
		{
			"name": "Voxels",
			"from": [8, -0.8, 6.8],
			"to": [8.4, -0.4, 7.2],
			"faces": {
				"north": {"uv": [7.25, 6.5, 7, 6.75], "texture": "#devoreuse_de_lux", "cullface": "down"},
				"east": {"uv": [7.25, 5.75, 7, 6], "texture": "#devoreuse_de_lux", "cullface": "down"},
				"down": {"uv": [7, 7, 7.25, 7.25], "texture": "#devoreuse_de_lux", "cullface": "down"}
			}
		},
		{
			"name": "Voxels",
			"from": [8, -0.8, 8.8],
			"to": [8.4, -0.4, 9.2],
			"faces": {
				"east": {"uv": [7.25, 3.75, 7, 4], "texture": "#devoreuse_de_lux", "cullface": "down"},
				"south": {"uv": [7, 4.25, 7.25, 4.5], "texture": "#devoreuse_de_lux", "cullface": "down"},
				"down": {"uv": [7, 5.5, 7.25, 5.75], "texture": "#devoreuse_de_lux", "cullface": "down"}
			}
		},
		{
			"name": "Voxels",
			"from": [8.4, -0.8, 7.6],
			"to": [9.2, -0.4, 8.4],
			"faces": {
				"east": {"uv": [6.75, 0.75, 6.25, 1], "texture": "#devoreuse_de_lux", "cullface": "down"},
				"west": {"uv": [6.25, 1, 6.75, 1.25], "texture": "#devoreuse_de_lux", "cullface": "down"},
				"up": {"uv": [7.5, 15.5, 8, 15], "texture": "#devoreuse_de_lux", "cullface": "down"},
				"down": {"uv": [7.5, 14.5, 8, 15], "texture": "#devoreuse_de_lux", "cullface": "down"}
			}
		},
		{
			"name": "Voxels",
			"from": [8.4, -0.4, 7.2],
			"to": [9.6, 0, 7.6],
			"faces": {
				"north": {"uv": [12.75, 9.5, 12, 9.75], "texture": "#devoreuse_de_lux", "cullface": "down"},
				"east": {"uv": [7.5, 8.25, 7.25, 8.5], "texture": "#devoreuse_de_lux", "cullface": "down"},
				"south": {"uv": [6.75, 9.5, 7.5, 9.75], "texture": "#devoreuse_de_lux", "cullface": "down"},
				"west": {"uv": [7, 0, 7.25, 0.25], "texture": "#devoreuse_de_lux", "cullface": "down"},
				"up": {"uv": [12.75, 9.75, 13.5, 9.5], "texture": "#devoreuse_de_lux", "cullface": "down"},
				"down": {"uv": [6, 9.5, 6.75, 9.75], "texture": "#devoreuse_de_lux", "cullface": "down"}
			}
		},
		{
			"name": "Voxels",
			"from": [8.4, -0.4, 8.4],
			"to": [9.6, 0, 8.8],
			"faces": {
				"north": {"uv": [6.75, 9.25, 6, 9.5], "texture": "#devoreuse_de_lux", "cullface": "down"},
				"east": {"uv": [7.5, 6.75, 7.25, 7], "texture": "#devoreuse_de_lux", "cullface": "down"},
				"south": {"uv": [12.75, 9.75, 13.5, 10], "texture": "#devoreuse_de_lux", "cullface": "down"},
				"west": {"uv": [7.25, 7, 7.5, 7.25], "texture": "#devoreuse_de_lux", "cullface": "down"},
				"up": {"uv": [15, 9.75, 15.75, 9.5], "texture": "#devoreuse_de_lux", "cullface": "down"},
				"down": {"uv": [10.5, 9.5, 11.25, 9.75], "texture": "#devoreuse_de_lux", "cullface": "down"}
			}
		},
		{
			"name": "Voxels",
			"from": [8.4, 0.8, 6.8],
			"to": [9.6, 1.2, 7.2],
			"faces": {
				"north": {"uv": [11.25, 9.75, 10.5, 10], "texture": "#devoreuse_de_lux"},
				"east": {"uv": [7.5, 5.25, 7.25, 5.5], "texture": "#devoreuse_de_lux"},
				"south": {"uv": [9.75, 9.75, 10.5, 10], "texture": "#devoreuse_de_lux"},
				"west": {"uv": [7.25, 5.5, 7.5, 5.75], "texture": "#devoreuse_de_lux"},
				"up": {"uv": [11.25, 10, 12, 9.75], "texture": "#devoreuse_de_lux"}
			}
		},
		{
			"name": "Voxels",
			"from": [8.4, 0.8, 8.8],
			"to": [9.6, 1.2, 9.2],
			"faces": {
				"north": {"uv": [8.25, 9.75, 7.5, 10], "texture": "#devoreuse_de_lux"},
				"east": {"uv": [7.5, 2.5, 7.25, 2.75], "texture": "#devoreuse_de_lux"},
				"south": {"uv": [13.25, 10, 14, 10.25], "texture": "#devoreuse_de_lux"},
				"west": {"uv": [7.25, 3.5, 7.5, 3.75], "texture": "#devoreuse_de_lux"},
				"up": {"uv": [8.25, 10, 9, 9.75], "texture": "#devoreuse_de_lux"}
			}
		},
		{
			"name": "Voxels",
			"from": [8.4, 2.4, 7.6],
			"to": [10, 2.8, 8.4],
			"faces": {
				"north": {"uv": [8.5, 10.25, 7.5, 10.5], "texture": "#devoreuse_de_lux"},
				"east": {"uv": [6.75, 0, 6.25, 0.25], "texture": "#devoreuse_de_lux"},
				"south": {"uv": [6.5, 10.25, 7.5, 10.5], "texture": "#devoreuse_de_lux"},
				"west": {"uv": [6.25, 0.25, 6.75, 0.5], "texture": "#devoreuse_de_lux"},
				"down": {"uv": [0, 0, 1, 0.5], "texture": "#devoreuse_de_lux"}
			}
		},
		{
			"name": "Voxels",
			"from": [8.8, -7.2, 7.6],
			"to": [9.2, -6.8, 8.4],
			"faces": {
				"north": {"uv": [16, 8.75, 15.75, 9], "texture": "#devoreuse_de_lux", "cullface": "down"},
				"east": {"uv": [7.75, 9, 7.25, 9.25], "texture": "#devoreuse_de_lux", "cullface": "down"},
				"south": {"uv": [6.75, 2, 7, 2.25], "texture": "#devoreuse_de_lux", "cullface": "down"},
				"west": {"uv": [6.75, 9, 7.25, 9.25], "texture": "#devoreuse_de_lux", "cullface": "down"},
				"down": {"uv": [6, 6.25, 6.25, 6.75], "texture": "#devoreuse_de_lux", "cullface": "down"}
			}
		},
		{
			"name": "Voxels",
			"from": [8.8, -0.4, 7.6],
			"to": [11.2, 0, 8.4],
			"faces": {
				"north": {"uv": [12.25, 11, 10.75, 11.25], "texture": "#devoreuse_de_lux", "cullface": "down"},
				"east": {"uv": [9.25, 9, 8.75, 9.25], "texture": "#devoreuse_de_lux", "cullface": "down"},
				"south": {"uv": [4.75, 10.75, 6.25, 11], "texture": "#devoreuse_de_lux", "cullface": "down"},
				"west": {"uv": [8.25, 9, 8.75, 9.25], "texture": "#devoreuse_de_lux", "cullface": "down"},
				"up": {"uv": [3.75, 14, 5.25, 13.5], "texture": "#devoreuse_de_lux", "cullface": "down"},
				"down": {"uv": [3.75, 13, 5.25, 13.5], "texture": "#devoreuse_de_lux", "cullface": "down"}
			}
		},
		{
			"name": "Voxels",
			"from": [8.8, 0, 7.2],
			"to": [9.6, 0.4, 7.6],
			"faces": {
				"north": {"uv": [10.75, 9, 10.25, 9.25], "texture": "#devoreuse_de_lux"},
				"east": {"uv": [12.5, 8.5, 12.25, 8.75], "texture": "#devoreuse_de_lux"},
				"south": {"uv": [10.75, 9, 11.25, 9.25], "texture": "#devoreuse_de_lux"},
				"west": {"uv": [12, 8.5, 12.25, 8.75], "texture": "#devoreuse_de_lux"},
				"up": {"uv": [9.75, 9.25, 10.25, 9], "texture": "#devoreuse_de_lux"}
			}
		},
		{
			"name": "Voxels",
			"from": [8.8, 0, 8.4],
			"to": [9.6, 0.4, 8.8],
			"faces": {
				"north": {"uv": [12.75, 9, 12.25, 9.25], "texture": "#devoreuse_de_lux"},
				"east": {"uv": [14, 8.5, 13.75, 8.75], "texture": "#devoreuse_de_lux"},
				"south": {"uv": [12.75, 9, 13.25, 9.25], "texture": "#devoreuse_de_lux"},
				"west": {"uv": [13.5, 8.5, 13.75, 8.75], "texture": "#devoreuse_de_lux"},
				"up": {"uv": [11.75, 9.25, 12.25, 9], "texture": "#devoreuse_de_lux"}
			}
		},
		{
			"name": "Voxels",
			"from": [8.8, 1.2, 7.2],
			"to": [9.6, 2.4, 7.6],
			"faces": {
				"north": {"uv": [4.25, 0, 3.75, 0.75], "texture": "#devoreuse_de_lux"},
				"east": {"uv": [5.75, 4.25, 5.5, 5], "texture": "#devoreuse_de_lux"},
				"south": {"uv": [4.25, 0, 4.75, 0.75], "texture": "#devoreuse_de_lux"},
				"west": {"uv": [5.75, 3.5, 6, 4.25], "texture": "#devoreuse_de_lux"},
				"up": {"uv": [13.75, 9.25, 14.25, 9], "texture": "#devoreuse_de_lux"},
				"down": {"uv": [13.25, 9, 13.75, 9.25], "texture": "#devoreuse_de_lux"}
			}
		},
		{
			"name": "Voxels",
			"from": [8.8, 1.2, 8.4],
			"to": [9.6, 2, 8.8],
			"faces": {
				"north": {"uv": [5.25, 2.5, 4.75, 3], "texture": "#devoreuse_de_lux"},
				"east": {"uv": [6.25, 4.75, 6, 5.25], "texture": "#devoreuse_de_lux"},
				"south": {"uv": [4.75, 1, 5.25, 1.5], "texture": "#devoreuse_de_lux"},
				"west": {"uv": [6, 5.25, 6.25, 5.75], "texture": "#devoreuse_de_lux"},
				"down": {"uv": [7.25, 8.75, 7.75, 9], "texture": "#devoreuse_de_lux"}
			}
		},
		{
			"name": "Voxels",
			"from": [8.8, 2, 7.6],
			"to": [10.8, 2.4, 8.4],
			"faces": {
				"north": {"uv": [13.25, 10.75, 12, 11], "texture": "#devoreuse_de_lux"},
				"east": {"uv": [6.75, 0.5, 6.25, 0.75], "texture": "#devoreuse_de_lux"},
				"south": {"uv": [10.75, 10.75, 12, 11], "texture": "#devoreuse_de_lux"},
				"west": {"uv": [10.25, 8.75, 10.75, 9], "texture": "#devoreuse_de_lux"},
				"up": {"uv": [7.75, 13.5, 9, 13], "texture": "#devoreuse_de_lux"},
				"down": {"uv": [7.75, 12.5, 9, 13], "texture": "#devoreuse_de_lux"}
			}
		},
		{
			"name": "Voxels",
			"from": [8.8, 5.2, 7.6],
			"to": [9.2, 5.6, 8.4],
			"faces": {
				"north": {"uv": [7.25, 5.25, 7, 5.5], "texture": "#devoreuse_de_lux"},
				"east": {"uv": [12.25, 8.75, 11.75, 9], "texture": "#devoreuse_de_lux"},
				"south": {"uv": [7, 5, 7.25, 5.25], "texture": "#devoreuse_de_lux"},
				"west": {"uv": [11.25, 8.75, 11.75, 9], "texture": "#devoreuse_de_lux"},
				"up": {"uv": [6, 3.25, 6.25, 2.75], "texture": "#devoreuse_de_lux"}
			}
		},
		{
			"name": "Voxels",
			"from": [9.2, 0, 7.6],
			"to": [10, 2, 8.4],
			"faces": {
				"north": {"uv": [11.25, 12.75, 10.75, 14], "texture": "#devoreuse_de_lux"},
				"east": {"uv": [12.25, 12.75, 11.75, 14], "texture": "#devoreuse_de_lux"},
				"south": {"uv": [10.25, 12.75, 10.75, 14], "texture": "#devoreuse_de_lux"},
				"west": {"uv": [11.25, 12.75, 11.75, 14], "texture": "#devoreuse_de_lux"}
			}
		},
		{
			"name": "Voxels",
			"from": [9.2, 0.4, 7.2],
			"to": [9.6, 1.2, 7.6],
			"faces": {
				"east": {"uv": [6.25, 0.25, 6, 0.75], "texture": "#devoreuse_de_lux"},
				"west": {"uv": [6, 0.75, 6.25, 1.25], "texture": "#devoreuse_de_lux"}
			}
		},
		{
			"name": "Voxels",
			"from": [9.2, 0.4, 8.4],
			"to": [9.6, 1.2, 8.8],
			"faces": {
				"east": {"uv": [7, 6.75, 6.75, 7.25], "texture": "#devoreuse_de_lux"},
				"west": {"uv": [6.75, 7.25, 7, 7.75], "texture": "#devoreuse_de_lux"}
			}
		},
		{
			"name": "Voxels",
			"from": [9.6, -0.8, 7.6],
			"to": [10.8, -0.4, 8.4],
			"faces": {
				"north": {"uv": [11.25, 9.25, 10.5, 9.5], "texture": "#devoreuse_de_lux", "cullface": "down"},
				"east": {"uv": [8.5, 8.5, 8, 8.75], "texture": "#devoreuse_de_lux", "cullface": "down"},
				"south": {"uv": [11.25, 9.25, 12, 9.5], "texture": "#devoreuse_de_lux", "cullface": "down"},
				"west": {"uv": [7.5, 8.5, 8, 8.75], "texture": "#devoreuse_de_lux", "cullface": "down"},
				"down": {"uv": [4.75, 10.25, 5.5, 10.75], "texture": "#devoreuse_de_lux", "cullface": "down"}
			}
		},
		{
			"name": "Voxels",
			"from": [10, 1.2, 7.6],
			"to": [10.4, 2, 8.4],
			"faces": {
				"north": {"uv": [7, 4.75, 6.75, 5.25], "texture": "#devoreuse_de_lux"},
				"east": {"uv": [5.25, 3, 4.75, 3.5], "texture": "#devoreuse_de_lux"},
				"south": {"uv": [6.75, 4.25, 7, 4.75], "texture": "#devoreuse_de_lux"},
				"down": {"uv": [6.75, 5.75, 7, 6.25], "texture": "#devoreuse_de_lux"}
			}
		},
		{
			"name": "Voxels",
			"from": [10.4, 1.6, 7.6],
			"to": [10.8, 2, 8.4],
			"faces": {
				"north": {"uv": [7.5, 4.75, 7.25, 5], "texture": "#devoreuse_de_lux"},
				"east": {"uv": [10.5, 8.5, 10, 8.75], "texture": "#devoreuse_de_lux"},
				"south": {"uv": [7.25, 4.5, 7.5, 4.75], "texture": "#devoreuse_de_lux"},
				"down": {"uv": [6.75, 3.75, 7, 4.25], "texture": "#devoreuse_de_lux"}
			}
		},
		{
			"name": "Voxels",
			"from": [10.4, 2.4, 7.6],
			"to": [10.8, 2.8, 8.4],
			"faces": {
				"north": {"uv": [7.5, 3.25, 7.25, 3.5], "texture": "#devoreuse_de_lux"},
				"east": {"uv": [11.25, 8.75, 10.75, 9], "texture": "#devoreuse_de_lux"},
				"south": {"uv": [7.25, 3, 7.5, 3.25], "texture": "#devoreuse_de_lux"},
				"west": {"uv": [10.5, 8.5, 11, 8.75], "texture": "#devoreuse_de_lux"},
				"up": {"uv": [6.75, 2.75, 7, 2.25], "texture": "#devoreuse_de_lux"}
			}
		}
	],
	"display": {
		"thirdperson_righthand": {
			"rotation": [0, 90, 0],
			"translation": [0, 9.5, 1.75]
		},
		"thirdperson_lefthand": {
			"rotation": [0, 90, 0],
			"translation": [0, 9.5, 1.75]
		},
		"firstperson_righthand": {
			"rotation": [-25, 90, 0],
			"translation": [2, 1, 0],
			"scale": [0.68, 0.68, 0.68]
		},
		"firstperson_lefthand": {
			"rotation": [-25, 90, 0],
			"translation": [2, 1, 0],
			"scale": [0.68, 0.68, 0.68]
		},
		"ground": {
			"rotation": [0, 0, 45],
			"translation": [0, 8, 0],
			"scale": [0.8, 0.8, 0.8]
		},
		"gui": {
			"rotation": [0, 0, -45],
			"scale": [0.6, 0.6, 0.6]
		},
		"fixed": {
			"rotation": [0, 0, -45],
			"translation": [0, 0, -0.25],
			"scale": [0.8, 0.8, 0.8]
		}
	}
}