{
	"credit": "Made with Blockbench",
	"textures": {
		"flamberge_sword": "custom/item/grandes_epees/flamberge"
	},
	"elements": [
		{
			"name": "Voxels",
			"from": [5, 1.99997, 7.6667],
			"to": [5.33333, 3.3333, 8.33337],
			"faces": {
				"north": {"uv": [2.125, 14.75, 2.25, 15.25], "rotation": 180, "texture": "#flamberge_sword"},
				"east": {"uv": [3.625, 10.875, 3.125, 11.125], "rotation": 270, "texture": "#flamberge_sword"},
				"south": {"uv": [2.875, 15.25, 3, 14.75], "texture": "#flamberge_sword"},
				"west": {"uv": [2.625, 10.625, 3.125, 10.875], "rotation": 90, "texture": "#flamberge_sword"},
				"up": {"uv": [8, 12.5, 7.875, 12.75], "rotation": 180, "texture": "#flamberge_sword"},
				"down": {"uv": [5.125, 7.875, 5.25, 8.125], "texture": "#flamberge_sword"}
			}
		},
		{
			"name": "Voxels",
			"from": [5.3333, 16.66663, 7.6667],
			"to": [7.66663, 17.3333, 8.33337],
			"faces": {
				"north": {"uv": [3.5, 12.5, 4.375, 12.75], "rotation": 180, "texture": "#flamberge_sword", "cullface": "north"},
				"east": {"uv": [3.875, 9.375, 3.625, 9.625], "rotation": 270, "texture": "#flamberge_sword", "cullface": "north"},
				"south": {"uv": [0.875, 12.75, 1.75, 12.5], "texture": "#flamberge_sword", "cullface": "north"},
				"west": {"uv": [3.25, 9.25, 3.5, 9.5], "rotation": 90, "texture": "#flamberge_sword", "cullface": "north"},
				"up": {"uv": [6.875, 12.875, 6, 13.125], "rotation": 180, "texture": "#flamberge_sword", "cullface": "north"},
				"down": {"uv": [6.875, 12.875, 7.75, 13.125], "texture": "#flamberge_sword", "cullface": "north"}
			}
		},
		{
			"name": "Voxels",
			"from": [5.3333, 1.33333, 7.6667],
			"to": [5.99997, 3, 8.33337],
			"faces": {
				"north": {"uv": [0, 10.5, 0.25, 11.125], "rotation": 180, "texture": "#flamberge_sword"},
				"east": {"uv": [5.625, 11.125, 5, 11.375], "rotation": 270, "texture": "#flamberge_sword"},
				"south": {"uv": [0.25, 11.125, 0.5, 10.5], "texture": "#flamberge_sword"},
				"west": {"uv": [4.375, 11.125, 5, 11.375], "rotation": 90, "texture": "#flamberge_sword"},
				"up": {"uv": [4.125, 9.375, 3.875, 9.625], "rotation": 180, "texture": "#flamberge_sword"},
				"down": {"uv": [4.125, 9.375, 4.375, 9.625], "texture": "#flamberge_sword"}
			}
		},
		{
			"name": "Voxels",
			"from": [5.6667, 17.66667, 7.6667],
			"to": [10.33337, 18, 8.33337],
			"faces": {
				"north": {"uv": [6, 13.125, 7.75, 13.25], "rotation": 180, "texture": "#flamberge_sword", "cullface": "north"},
				"east": {"uv": [4.25, 7.875, 4.125, 8.125], "rotation": 270, "texture": "#flamberge_sword", "cullface": "north"},
				"south": {"uv": [5.25, 12.75, 7, 12.625], "texture": "#flamberge_sword", "cullface": "north"},
				"west": {"uv": [5, 7.875, 5.125, 8.125], "rotation": 90, "texture": "#flamberge_sword", "cullface": "north"},
				"up": {"uv": [1.75, 14.5, 0, 14.75], "rotation": 180, "texture": "#flamberge_sword", "cullface": "north"},
				"down": {"uv": [1.75, 14.5, 3.5, 14.75], "texture": "#flamberge_sword", "cullface": "north"}
			}
		},
		{
			"name": "Voxels",
			"from": [5.6667, 17.33337, 7.6667],
			"to": [7.6667, 17.6667, 8.33337],
			"faces": {
				"north": {"uv": [6, 10.375, 6.75, 10.5], "rotation": 180, "texture": "#flamberge_sword", "cullface": "north"},
				"east": {"uv": [4, 7.875, 3.875, 8.125], "rotation": 270, "texture": "#flamberge_sword", "cullface": "north"},
				"south": {"uv": [6, 10.375, 6.75, 10.25], "texture": "#flamberge_sword", "cullface": "north"},
				"west": {"uv": [4, 7.875, 4.125, 8.125], "rotation": 90, "texture": "#flamberge_sword", "cullface": "north"}
			}
		},
		{
			"name": "Voxels",
			"from": [5.6667, 15.6667, 7.6667],
			"to": [7.6667, 16.6667, 8.33337],
			"faces": {
				"north": {"uv": [0.75, 13.25, 1.5, 13.625], "rotation": 180, "texture": "#flamberge_sword", "cullface": "north"},
				"east": {"uv": [6, 10.125, 5.625, 10.375], "rotation": 270, "texture": "#flamberge_sword", "cullface": "north"},
				"south": {"uv": [1.5, 13.625, 2.25, 13.25], "texture": "#flamberge_sword", "cullface": "north"},
				"west": {"uv": [7.125, 10.125, 7.5, 10.375], "rotation": 90, "texture": "#flamberge_sword", "cullface": "north"},
				"down": {"uv": [2.25, 12, 3, 12.25], "texture": "#flamberge_sword", "cullface": "north"}
			}
		},
		{
			"name": "Voxels",
			"from": [5.6667, 0.99997, 7.6667],
			"to": [10.33337, 1.3333, 8.33337],
			"faces": {
				"north": {"uv": [1.75, 12.5, 3.5, 12.625], "rotation": 180, "texture": "#flamberge_sword"},
				"east": {"uv": [3.75, 7.875, 3.625, 8.125], "rotation": 270, "texture": "#flamberge_sword"},
				"south": {"uv": [1.75, 12.75, 3.5, 12.625], "texture": "#flamberge_sword"},
				"west": {"uv": [3.75, 7.875, 3.875, 8.125], "rotation": 90, "texture": "#flamberge_sword"},
				"up": {"uv": [7, 14.5, 5.25, 14.75], "rotation": 180, "texture": "#flamberge_sword"},
				"down": {"uv": [3.5, 14.5, 5.25, 14.75], "texture": "#flamberge_sword"}
			}
		},
		{
			"name": "Voxels",
			"from": [6, 17.99997, 7.6667],
			"to": [10, 18.3333, 8.33337],
			"faces": {
				"north": {"uv": [5.25, 12.5, 6.75, 12.625], "rotation": 180, "texture": "#flamberge_sword", "cullface": "north"},
				"east": {"uv": [3.5, 7.875, 3.375, 8.125], "rotation": 270, "texture": "#flamberge_sword", "cullface": "north"},
				"south": {"uv": [5, 12.25, 6.5, 12.125], "texture": "#flamberge_sword", "cullface": "north"},
				"west": {"uv": [3.5, 7.875, 3.625, 8.125], "rotation": 90, "texture": "#flamberge_sword", "cullface": "north"},
				"up": {"uv": [3, 14.25, 1.5, 14.5], "rotation": 180, "texture": "#flamberge_sword", "cullface": "north"}
			}
		},
		{
			"name": "Voxels",
			"from": [6, 14.33337, 7.6667],
			"to": [7.66667, 15.6667, 8.33337],
			"faces": {
				"north": {"uv": [1.5, 14.75, 2.125, 15.25], "rotation": 180, "texture": "#flamberge_sword"},
				"east": {"uv": [1.5, 10, 1, 10.25], "rotation": 270, "texture": "#flamberge_sword"},
				"south": {"uv": [2.25, 15.25, 2.875, 14.75], "texture": "#flamberge_sword"},
				"west": {"uv": [1.5, 10.25, 2, 10.5], "rotation": 90, "texture": "#flamberge_sword"},
				"down": {"uv": [2.5, 11.125, 3.125, 11.375], "texture": "#flamberge_sword"}
			}
		},
		{
			"name": "Voxels",
			"from": [6, 1.33337, 7.6667],
			"to": [7, 2.6667, 8.33337],
			"faces": {
				"north": {"uv": [2.25, 11.375, 2.625, 11.875], "rotation": 180, "texture": "#flamberge_sword"},
				"east": {"uv": [5.375, 10.625, 4.875, 10.875], "rotation": 270, "texture": "#flamberge_sword"},
				"south": {"uv": [2.625, 11.875, 3, 11.375], "texture": "#flamberge_sword"},
				"up": {"uv": [6.75, 10, 6.375, 10.25], "rotation": 180, "texture": "#flamberge_sword"}
			}
		},
		{
			"name": "Voxels",
			"from": [6, 0.66667, 7.6667],
			"to": [6.33333, 1, 8.33337],
			"faces": {
				"north": {"uv": [7.875, 9.625, 8, 9.75], "rotation": 180, "texture": "#flamberge_sword"},
				"east": {"uv": [1.25, 7.875, 1.125, 8.125], "rotation": 270, "texture": "#flamberge_sword"},
				"south": {"uv": [4, 8.25, 4.125, 8.125], "texture": "#flamberge_sword"},
				"west": {"uv": [1.25, 7.875, 1.375, 8.125], "rotation": 90, "texture": "#flamberge_sword"},
				"down": {"uv": [1.375, 7.875, 1.5, 8.125], "texture": "#flamberge_sword"}
			}
		},
		{
			"name": "Voxels",
			"from": [6.3333, 18.33333, 7.6667],
			"to": [9.66663, 19, 8.33337],
			"faces": {
				"north": {"uv": [2.75, 13.75, 4, 14], "rotation": 180, "texture": "#flamberge_sword", "cullface": "north"},
				"east": {"uv": [4.875, 9.375, 4.625, 9.625], "rotation": 270, "texture": "#flamberge_sword", "cullface": "north"},
				"south": {"uv": [4, 14.25, 5.25, 14], "texture": "#flamberge_sword", "cullface": "north"},
				"west": {"uv": [4.375, 9.375, 4.625, 9.625], "rotation": 90, "texture": "#flamberge_sword", "cullface": "north"},
				"up": {"uv": [4.25, 14.25, 3, 14.5], "rotation": 180, "texture": "#flamberge_sword", "cullface": "north"}
			}
		},
		{
			"name": "Voxels",
			"from": [6.3333, 13.99997, 7.6667],
			"to": [9.66663, 14.3333, 8.33337],
			"faces": {
				"north": {"uv": [4, 13.625, 5.25, 13.75], "rotation": 180, "texture": "#flamberge_sword"},
				"east": {"uv": [1.125, 7.875, 1, 8.125], "rotation": 270, "texture": "#flamberge_sword"},
				"south": {"uv": [5.75, 13.75, 7, 13.625], "texture": "#flamberge_sword"},
				"west": {"uv": [6.75, 8.5, 6.875, 8.75], "rotation": 90, "texture": "#flamberge_sword"},
				"up": {"uv": [7, 13.75, 5.75, 14], "rotation": 180, "texture": "#flamberge_sword"},
				"down": {"uv": [5.5, 14.25, 6.75, 14.5], "texture": "#flamberge_sword"}
			}
		},
		{
			"name": "Voxels",
			"from": [6.3333, 12.6667, 7.6667],
			"to": [9.66663, 13.6667, 8.33337],
			"faces": {
				"north": {"uv": [4, 15.625, 5.25, 16], "rotation": 180, "texture": "#flamberge_sword"},
				"east": {"uv": [0.75, 9.625, 0.375, 9.875], "rotation": 270, "texture": "#flamberge_sword"},
				"south": {"uv": [4, 15.625, 5.25, 15.25], "texture": "#flamberge_sword"},
				"west": {"uv": [0, 9.625, 0.375, 9.875], "rotation": 90, "texture": "#flamberge_sword"},
				"up": {"uv": [2.25, 14, 1, 14.25], "rotation": 180, "texture": "#flamberge_sword"},
				"down": {"uv": [1, 13.75, 2.25, 14], "texture": "#flamberge_sword"}
			}
		},
		{
			"name": "Voxels",
			"from": [6.3333, 4, 7.6667],
			"to": [7.66663, 5, 8.33337],
			"faces": {
				"north": {"uv": [6.5, 14.75, 7, 15.125], "rotation": 180, "texture": "#flamberge_sword"},
				"east": {"uv": [5.25, 9.625, 4.875, 9.875], "rotation": 270, "texture": "#flamberge_sword"},
				"south": {"uv": [0, 12.25, 0.5, 11.875], "texture": "#flamberge_sword"},
				"west": {"uv": [0.75, 9.625, 1.125, 9.875], "rotation": 90, "texture": "#flamberge_sword"},
				"up": {"uv": [3.125, 10.875, 2.625, 11.125], "rotation": 180, "texture": "#flamberge_sword"},
				"down": {"uv": [4.125, 10.875, 4.625, 11.125], "texture": "#flamberge_sword"}
			}
		},
		{
			"name": "Voxels",
			"from": [6.3333, 3.66667, 7.6667],
			"to": [7.3333, 4, 8.33337],
			"faces": {
				"north": {"uv": [7.625, 8.875, 8, 9], "rotation": 180, "texture": "#flamberge_sword"},
				"east": {"uv": [7.75, 8.25, 7.625, 8.5], "rotation": 270, "texture": "#flamberge_sword"},
				"south": {"uv": [0.375, 8.75, 0.75, 8.625], "texture": "#flamberge_sword"},
				"west": {"uv": [7.75, 8.25, 7.875, 8.5], "rotation": 90, "texture": "#flamberge_sword"},
				"down": {"uv": [1.875, 9.625, 2.25, 9.875], "texture": "#flamberge_sword"}
			}
		},
		{
			"name": "Voxels",
			"from": [6.3333, -0.00003, 7.6667],
			"to": [9.66663, 0.3333, 8.33337],
			"faces": {
				"north": {"uv": [1, 13.625, 2.25, 13.75], "rotation": 180, "texture": "#flamberge_sword"},
				"east": {"uv": [7.875, 8.5, 7.75, 8.75], "rotation": 270, "texture": "#flamberge_sword"},
				"south": {"uv": [2.75, 13.75, 4, 13.625], "texture": "#flamberge_sword"},
				"west": {"uv": [7.875, 8.5, 8, 8.75], "rotation": 90, "texture": "#flamberge_sword"},
				"up": {"uv": [7, 14, 5.75, 14.25], "rotation": 180, "texture": "#flamberge_sword"},
				"down": {"uv": [2.75, 14, 4, 14.25], "texture": "#flamberge_sword", "cullface": "south"}
			}
		},
		{
			"name": "Voxels",
			"from": [6.6667, 1.33337, 7.3333],
			"to": [7.6667, 2.6667, 7.66663],
			"faces": {
				"north": {"uv": [0, 11.375, 0.375, 11.875], "rotation": 180, "texture": "#flamberge_sword"},
				"east": {"uv": [3.125, 10.5, 2.625, 10.625], "rotation": 270, "texture": "#flamberge_sword"},
				"south": {"uv": [0.375, 11.875, 0.75, 11.375], "texture": "#flamberge_sword"},
				"west": {"uv": [7.5, 11.375, 8, 11.5], "rotation": 90, "texture": "#flamberge_sword"},
				"up": {"uv": [7.625, 8.75, 7.25, 8.875], "rotation": 180, "texture": "#flamberge_sword"},
				"down": {"uv": [7.625, 8.75, 8, 8.875], "texture": "#flamberge_sword"}
			}
		},
		{
			"name": "Voxels",
			"from": [6.6667, 18.99997, 7.6667],
			"to": [9.33337, 19.3333, 8.33337],
			"faces": {
				"north": {"uv": [3.25, 13.25, 4.25, 13.375], "rotation": 180, "texture": "#flamberge_sword", "cullface": "north"},
				"east": {"uv": [7.625, 8.25, 7.5, 8.5], "rotation": 270, "texture": "#flamberge_sword", "cullface": "north"},
				"south": {"uv": [4, 14.875, 5, 14.75], "texture": "#flamberge_sword", "cullface": "north"},
				"west": {"uv": [7.625, 8.5, 7.75, 8.75], "rotation": 90, "texture": "#flamberge_sword", "cullface": "north"},
				"up": {"uv": [8, 14.5, 7, 14.75], "rotation": 180, "texture": "#flamberge_sword", "cullface": "north"}
			}
		},
		{
			"name": "Voxels",
			"from": [6.6667, 13.66667, 7.6667],
			"to": [9.33337, 14, 8.33337],
			"faces": {
				"north": {"uv": [2.25, 13.25, 3.25, 13.375], "rotation": 180, "texture": "#flamberge_sword"},
				"east": {"uv": [7.375, 8.25, 7.25, 8.5], "rotation": 270, "texture": "#flamberge_sword"},
				"south": {"uv": [7, 14.875, 8, 14.75], "texture": "#flamberge_sword"},
				"west": {"uv": [7.375, 8.5, 7.5, 8.75], "rotation": 90, "texture": "#flamberge_sword"}
			}
		},
		{
			"name": "Voxels",
			"from": [6.6667, 11.6667, 7.6667],
			"to": [9.33337, 12.6667, 8.33337],
			"faces": {
				"north": {"uv": [7, 15.25, 8, 15.625], "rotation": 180, "texture": "#flamberge_sword"},
				"east": {"uv": [5.25, 10.25, 4.875, 10.5], "rotation": 270, "texture": "#flamberge_sword"},
				"south": {"uv": [7, 15.25, 8, 14.875], "texture": "#flamberge_sword"},
				"west": {"uv": [4.875, 10, 5.25, 10.25], "rotation": 90, "texture": "#flamberge_sword"},
				"down": {"uv": [4, 13, 5, 13.25], "texture": "#flamberge_sword"}
			}
		},
		{
			"name": "Voxels",
			"from": [6.6667, 10, 7.6667],
			"to": [9.33337, 11, 8.33337],
			"faces": {
				"north": {"uv": [4, 14.875, 5, 15.25], "rotation": 180, "texture": "#flamberge_sword"},
				"east": {"uv": [3.625, 10, 3.25, 10.25], "rotation": 270, "texture": "#flamberge_sword"},
				"south": {"uv": [7, 16, 8, 15.625], "texture": "#flamberge_sword"},
				"west": {"uv": [4.5, 10, 4.875, 10.25], "rotation": 90, "texture": "#flamberge_sword"},
				"up": {"uv": [4, 13, 3, 13.25], "rotation": 180, "texture": "#flamberge_sword"},
				"down": {"uv": [5, 13, 6, 13.25], "texture": "#flamberge_sword"}
			}
		},
		{
			"name": "Voxels",
			"from": [6.6667, 5.33337, 7.6667],
			"to": [9.33337, 6.6667, 8.33337],
			"faces": {
				"north": {"uv": [3, 15.5, 4, 16], "rotation": 180, "texture": "#flamberge_sword"},
				"east": {"uv": [4.625, 10.625, 4.125, 10.875], "rotation": 270, "texture": "#flamberge_sword"},
				"south": {"uv": [3, 15.5, 4, 15], "texture": "#flamberge_sword"},
				"west": {"uv": [2, 10.25, 2.5, 10.5], "rotation": 90, "texture": "#flamberge_sword"},
				"up": {"uv": [7.25, 13.375, 6.25, 13.625], "rotation": 180, "texture": "#flamberge_sword"},
				"down": {"uv": [2, 13, 3, 13.25], "texture": "#flamberge_sword"}
			}
		},
		{
			"name": "Voxels",
			"from": [6.6667, 4.99997, 7.6667],
			"to": [7.6667, 5.3333, 8.33337],
			"faces": {
				"north": {"uv": [1.375, 8.5, 1.75, 8.625], "rotation": 180, "texture": "#flamberge_sword"},
				"east": {"uv": [7.125, 8.25, 7, 8.5], "rotation": 270, "texture": "#flamberge_sword"},
				"south": {"uv": [7, 9.125, 7.375, 9], "texture": "#flamberge_sword"},
				"west": {"uv": [7.125, 8.25, 7.25, 8.5], "rotation": 90, "texture": "#flamberge_sword"}
			}
		},
		{
			"name": "Voxels",
			"from": [6.6667, 3.33337, 7.6667],
			"to": [7.33337, 3.6667, 8.33337],
			"faces": {
				"north": {"uv": [7.125, 8.5, 7.375, 8.625], "rotation": 180, "texture": "#flamberge_sword"},
				"east": {"uv": [6.875, 8.25, 6.75, 8.5], "rotation": 270, "texture": "#flamberge_sword"},
				"south": {"uv": [0, 8.25, 0.25, 8.125], "texture": "#flamberge_sword"},
				"west": {"uv": [6.875, 8.25, 7, 8.5], "rotation": 90, "texture": "#flamberge_sword"},
				"down": {"uv": [5.125, 9.375, 5.375, 9.625], "texture": "#flamberge_sword"}
			}
		},
		{
			"name": "Voxels",
			"from": [6.6667, 2.66667, 7.6667],
			"to": [7.33337, 3, 8.33337],
			"faces": {
				"north": {"uv": [6.875, 8.5, 7.125, 8.625], "rotation": 180, "texture": "#flamberge_sword"},
				"east": {"uv": [6.625, 8.25, 6.5, 8.5], "rotation": 270, "texture": "#flamberge_sword"},
				"south": {"uv": [6.875, 8.75, 7.125, 8.625], "texture": "#flamberge_sword"},
				"west": {"uv": [6.625, 8.25, 6.75, 8.5], "rotation": 90, "texture": "#flamberge_sword"},
				"up": {"uv": [7.375, 9.25, 7.125, 9.5], "rotation": 180, "texture": "#flamberge_sword"},
				"down": {"uv": [5.375, 9.375, 5.625, 9.625], "texture": "#flamberge_sword"}
			}
		},
		{
			"name": "Voxels",
			"from": [6.6667, 0.33333, 7.6667],
			"to": [9.33337, 1, 8.33337],
			"faces": {
				"north": {"uv": [3, 14.75, 4, 15], "rotation": 180, "texture": "#flamberge_sword"},
				"east": {"uv": [6.125, 9.375, 5.875, 9.625], "rotation": 270, "texture": "#flamberge_sword"},
				"south": {"uv": [2, 13, 3, 12.75], "texture": "#flamberge_sword"},
				"west": {"uv": [5.625, 9.375, 5.875, 9.625], "rotation": 90, "texture": "#flamberge_sword"}
			}
		},
		{
			"name": "Voxels",
			"from": [6.6667, -0.33333, 7.6667],
			"to": [9.33337, 0, 8.33337],
			"faces": {
				"north": {"uv": [4.25, 13.25, 5.25, 13.375], "rotation": 180, "texture": "#flamberge_sword", "cullface": "south"},
				"east": {"uv": [6, 8.5, 5.875, 8.75], "rotation": 270, "texture": "#flamberge_sword", "cullface": "south"},
				"south": {"uv": [5.25, 13.375, 6.25, 13.25], "texture": "#flamberge_sword", "cullface": "south"},
				"west": {"uv": [5.875, 8.25, 6, 8.5], "rotation": 90, "texture": "#flamberge_sword", "cullface": "south"},
				"down": {"uv": [7, 13.625, 8, 13.875], "texture": "#flamberge_sword", "cullface": "south"}
			}
		},
		{
			"name": "Voxels",
			"from": [6.6667, -0.66663, 7.6667],
			"to": [7.00003, -0.3333, 8.33337],
			"faces": {
				"north": {"uv": [5.625, 8.125, 5.75, 8.25], "rotation": 180, "texture": "#flamberge_sword", "cullface": "south"},
				"east": {"uv": [5.25, 8.25, 5.125, 8.5], "rotation": 270, "texture": "#flamberge_sword", "cullface": "south"},
				"south": {"uv": [5.875, 8.25, 6, 8.125], "texture": "#flamberge_sword", "cullface": "south"},
				"west": {"uv": [5.5, 8.5, 5.625, 8.75], "rotation": 90, "texture": "#flamberge_sword", "cullface": "south"},
				"down": {"uv": [5.5, 8.25, 5.625, 8.5], "texture": "#flamberge_sword", "cullface": "south"}
			}
		},
		{
			"name": "Voxels",
			"from": [6.6667, -3.66667, 7.6667],
			"to": [7.00003, -3, 8.33337],
			"faces": {
				"north": {"uv": [5.125, 8.5, 5.25, 8.75], "rotation": 180, "texture": "#flamberge_sword", "cullface": "south"},
				"east": {"uv": [6.625, 9.375, 6.375, 9.625], "rotation": 270, "texture": "#flamberge_sword", "cullface": "south"},
				"south": {"uv": [4.75, 8.75, 4.875, 8.5], "texture": "#flamberge_sword", "cullface": "south"},
				"west": {"uv": [6.125, 9.375, 6.375, 9.625], "rotation": 90, "texture": "#flamberge_sword", "cullface": "south"},
				"up": {"uv": [4.75, 8.25, 4.625, 8.5], "rotation": 180, "texture": "#flamberge_sword", "cullface": "south"},
				"down": {"uv": [4.5, 8.25, 4.625, 8.5], "texture": "#flamberge_sword", "cullface": "south"}
			}
		},
		{
			"name": "Voxels",
			"from": [6.6667, 1.33337, 8.3333],
			"to": [7.6667, 2.6667, 8.66663],
			"faces": {
				"north": {"uv": [1.5, 11.375, 1.875, 11.875], "rotation": 180, "texture": "#flamberge_sword"},
				"east": {"uv": [4.125, 10.5, 3.625, 10.625], "rotation": 270, "texture": "#flamberge_sword"},
				"south": {"uv": [1.875, 11.875, 2.25, 11.375], "texture": "#flamberge_sword"},
				"west": {"uv": [3.125, 10.5, 3.625, 10.625], "rotation": 90, "texture": "#flamberge_sword"},
				"up": {"uv": [8, 10.5, 7.625, 10.625], "rotation": 180, "texture": "#flamberge_sword"},
				"down": {"uv": [0.375, 8.375, 0.75, 8.5], "texture": "#flamberge_sword"}
			}
		},
		{
			"name": "Voxels",
			"from": [7, 2.33337, 7],
			"to": [9, 2.6667, 7.33333],
			"faces": {
				"north": {"uv": [7.25, 13.25, 8, 13.375], "rotation": 180, "texture": "#flamberge_sword"},
				"east": {"uv": [3.875, 8.125, 3.75, 8.25], "rotation": 270, "texture": "#flamberge_sword"},
				"south": {"uv": [6.875, 12.875, 7.625, 12.75], "texture": "#flamberge_sword"},
				"west": {"uv": [2.75, 8.25, 2.875, 8.375], "rotation": 90, "texture": "#flamberge_sword"},
				"up": {"uv": [2.25, 11.875, 1.5, 12], "rotation": 180, "texture": "#flamberge_sword"},
				"down": {"uv": [2.25, 11.875, 3, 12], "texture": "#flamberge_sword"}
			}
		},
		{
			"name": "Voxels",
			"from": [7, 16.33333, 7.3333],
			"to": [9, 17, 7.66663],
			"faces": {
				"north": {"uv": [5, 11.875, 5.75, 12.125], "rotation": 180, "texture": "#flamberge_sword", "cullface": "north"},
				"east": {"uv": [6.875, 9.25, 6.625, 9.375], "rotation": 270, "texture": "#flamberge_sword", "cullface": "north"},
				"south": {"uv": [5.75, 12.125, 6.5, 11.875], "texture": "#flamberge_sword", "cullface": "north"},
				"west": {"uv": [6.875, 9.25, 7.125, 9.375], "rotation": 90, "texture": "#flamberge_sword", "cullface": "north"},
				"up": {"uv": [3.75, 11.875, 3, 12], "rotation": 180, "texture": "#flamberge_sword", "cullface": "north"},
				"down": {"uv": [3.75, 11.875, 4.5, 12], "texture": "#flamberge_sword", "cullface": "north"}
			}
		},
		{
			"name": "Voxels",
			"from": [7, 2.66663, 7.3333],
			"to": [9, 4.3333, 7.66663],
			"faces": {
				"north": {"uv": [5.25, 14.75, 6, 15.375], "rotation": 180, "texture": "#flamberge_sword"},
				"east": {"uv": [2.375, 9.5, 1.75, 9.625], "rotation": 270, "texture": "#flamberge_sword"},
				"south": {"uv": [5.25, 16, 6, 15.375], "texture": "#flamberge_sword"},
				"west": {"uv": [1.125, 9.5, 1.75, 9.625], "rotation": 90, "texture": "#flamberge_sword"},
				"up": {"uv": [3.25, 10.375, 2.5, 10.5], "rotation": 180, "texture": "#flamberge_sword"},
				"down": {"uv": [2.5, 10.25, 3.25, 10.375], "texture": "#flamberge_sword"}
			}
		},
		{
			"name": "Voxels",
			"from": [7, 0.66663, 7.3333],
			"to": [9, 1.3333, 7.66663],
			"faces": {
				"north": {"uv": [3, 11.625, 3.75, 11.875], "rotation": 180, "texture": "#flamberge_sword"},
				"east": {"uv": [6.375, 9.25, 6.125, 9.375], "rotation": 270, "texture": "#flamberge_sword"},
				"south": {"uv": [3, 11.625, 3.75, 11.375], "texture": "#flamberge_sword"},
				"west": {"uv": [6.375, 9.25, 6.625, 9.375], "rotation": 90, "texture": "#flamberge_sword"},
				"up": {"uv": [3.25, 10.125, 2.5, 10.25], "rotation": 180, "texture": "#flamberge_sword"},
				"down": {"uv": [5.25, 9.625, 6, 9.75], "texture": "#flamberge_sword"}
			}
		},
		{
			"name": "Voxels",
			"from": [7, -0.3333, 7.3333],
			"to": [7.33333, 0.6667, 7.66663],
			"faces": {
				"north": {"uv": [4.25, 8.375, 4.375, 8.75], "rotation": 180, "texture": "#flamberge_sword", "cullface": "south"},
				"east": {"uv": [2.625, 8.25, 2.25, 8.375], "rotation": 270, "texture": "#flamberge_sword", "cullface": "south"},
				"south": {"uv": [4.125, 8.75, 4.25, 8.375], "texture": "#flamberge_sword", "cullface": "south"},
				"west": {"uv": [3.625, 8.625, 4, 8.75], "rotation": 90, "texture": "#flamberge_sword", "cullface": "south"},
				"down": {"uv": [4, 8.25, 4.125, 8.375], "texture": "#flamberge_sword", "cullface": "south"}
			}
		},
		{
			"name": "Voxels",
			"from": [7, 19.33337, 7.6667],
			"to": [9, 19.6667, 8.33337],
			"faces": {
				"north": {"uv": [4.125, 10.375, 4.875, 10.5], "rotation": 180, "texture": "#flamberge_sword", "cullface": "north"},
				"east": {"uv": [2.5, 10, 2.375, 10.25], "rotation": 270, "texture": "#flamberge_sword", "cullface": "north"},
				"south": {"uv": [4.125, 10.375, 4.875, 10.25], "texture": "#flamberge_sword", "cullface": "north"},
				"west": {"uv": [7.875, 10.125, 8, 10.375], "rotation": 90, "texture": "#flamberge_sword", "cullface": "north"},
				"up": {"uv": [4.5, 11.625, 3.75, 11.875], "rotation": 180, "texture": "#flamberge_sword", "cullface": "north"}
			}
		},
		{
			"name": "Voxels",
			"from": [7, 11.00003, 7.6667],
			"to": [9, 11.6667, 8.33337],
			"faces": {
				"north": {"uv": [4.5, 11.625, 5.25, 11.875], "rotation": 180, "texture": "#flamberge_sword"},
				"east": {"uv": [7.125, 9.375, 6.875, 9.625], "rotation": 270, "texture": "#flamberge_sword"},
				"south": {"uv": [4.5, 11.625, 5.25, 11.375], "texture": "#flamberge_sword"},
				"west": {"uv": [6.625, 9.375, 6.875, 9.625], "rotation": 90, "texture": "#flamberge_sword"}
			}
		},
		{
			"name": "Voxels",
			"from": [7, 6.66667, 7.6667],
			"to": [9, 10, 8.33337],
			"faces": {
				"north": {"uv": [0.75, 14.75, 1.5, 16], "rotation": 180, "texture": "#flamberge_sword"},
				"east": {"uv": [8, 14.25, 6.75, 14.5], "rotation": 270, "texture": "#flamberge_sword"},
				"south": {"uv": [0, 16, 0.75, 14.75], "texture": "#flamberge_sword"},
				"west": {"uv": [4.25, 14.25, 5.5, 14.5], "rotation": 90, "texture": "#flamberge_sword"}
			}
		},
		{
			"name": "Voxels",
			"from": [7, 2.99997, 7.6667],
			"to": [7.33333, 3.3333, 8.6667],
			"faces": {
				"east": {"uv": [1, 8.375, 0.875, 8.75], "rotation": 270, "texture": "#flamberge_sword"},
				"south": {"uv": [5.75, 8.25, 5.875, 8.125], "texture": "#flamberge_sword"},
				"west": {"uv": [1.125, 8.375, 1.25, 8.75], "rotation": 90, "texture": "#flamberge_sword"},
				"up": {"uv": [1.875, 8.375, 1.75, 8.75], "rotation": 180, "texture": "#flamberge_sword"},
				"down": {"uv": [1.25, 8.375, 1.375, 8.75], "texture": "#flamberge_sword"}
			}
		},
		{
			"name": "Voxels",
			"from": [7, 1.33337, 7.6667],
			"to": [7.33333, 1.6667, 8.33337],
			"faces": {
				"east": {"uv": [5.375, 8.375, 5.25, 8.625], "rotation": 270, "texture": "#flamberge_sword"},
				"up": {"uv": [0.25, 7.875, 0.125, 8.125], "rotation": 180, "texture": "#flamberge_sword"}
			}
		},
		{
			"name": "Voxels",
			"from": [7, -4.00003, 7.6667],
			"to": [9, -3.6667, 8.33337],
			"faces": {
				"north": {"uv": [2.25, 9.875, 3, 10], "rotation": 180, "texture": "#flamberge_sword", "cullface": "south"},
				"east": {"uv": [4.5, 8.25, 4.375, 8.5], "rotation": 270, "texture": "#flamberge_sword", "cullface": "south"},
				"south": {"uv": [3, 10, 3.75, 9.875], "texture": "#flamberge_sword", "cullface": "south"},
				"west": {"uv": [4.75, 8.25, 4.875, 8.5], "rotation": 90, "texture": "#flamberge_sword", "cullface": "south"},
				"up": {"uv": [7.5, 11.375, 6.75, 11.625], "rotation": 180, "texture": "#flamberge_sword", "cullface": "south"},
				"down": {"uv": [7.25, 13.375, 8, 13.625], "texture": "#flamberge_sword", "cullface": "south"}
			}
		},
		{
			"name": "Voxels",
			"from": [7, 16.33333, 8.3333],
			"to": [9, 17, 8.66663],
			"faces": {
				"north": {"uv": [1.625, 12.25, 2.375, 12.5], "rotation": 180, "texture": "#flamberge_sword", "cullface": "north"},
				"east": {"uv": [5.875, 9.25, 5.625, 9.375], "rotation": 270, "texture": "#flamberge_sword", "cullface": "north"},
				"south": {"uv": [2.375, 12.5, 3.125, 12.25], "texture": "#flamberge_sword", "cullface": "north"},
				"west": {"uv": [5.875, 9.25, 6.125, 9.375], "rotation": 90, "texture": "#flamberge_sword", "cullface": "north"},
				"up": {"uv": [4.5, 9.875, 3.75, 10], "rotation": 180, "texture": "#flamberge_sword", "cullface": "north"},
				"down": {"uv": [4.5, 9.875, 5.25, 10], "texture": "#flamberge_sword", "cullface": "north"}
			}
		},
		{
			"name": "Voxels",
			"from": [7, 3.3333, 8.3333],
			"to": [9, 4.3333, 8.66663],
			"faces": {
				"north": {"uv": [0, 13.25, 0.75, 13.625], "rotation": 180, "texture": "#flamberge_sword"},
				"east": {"uv": [1.75, 8.375, 1.375, 8.5], "rotation": 270, "texture": "#flamberge_sword"},
				"south": {"uv": [7, 14.25, 7.75, 13.875], "texture": "#flamberge_sword"},
				"west": {"uv": [2.25, 8.625, 2.625, 8.75], "rotation": 90, "texture": "#flamberge_sword"},
				"up": {"uv": [6, 9.875, 5.25, 10], "rotation": 180, "texture": "#flamberge_sword"},
				"down": {"uv": [6, 9.875, 6.75, 10], "texture": "#flamberge_sword"}
			}
		},
		{
			"name": "Voxels",
			"from": [7, 2.66667, 8.3333],
			"to": [9, 3, 8.66663],
			"faces": {
				"north": {"uv": [6.75, 9.875, 7.5, 10], "rotation": 180, "texture": "#flamberge_sword"},
				"east": {"uv": [5.25, 8.125, 5.125, 8.25], "rotation": 270, "texture": "#flamberge_sword"},
				"south": {"uv": [3.375, 9.875, 4.125, 9.75], "texture": "#flamberge_sword"},
				"west": {"uv": [7.125, 13.25, 7.25, 13.375], "rotation": 90, "texture": "#flamberge_sword"},
				"up": {"uv": [4.125, 9.625, 3.375, 9.75], "rotation": 180, "texture": "#flamberge_sword"},
				"down": {"uv": [4.125, 9.75, 4.875, 9.875], "texture": "#flamberge_sword"}
			}
		},
		{
			"name": "Voxels",
			"from": [7, 0.66663, 8.3333],
			"to": [9, 1.3333, 8.66663],
			"faces": {
				"east": {"uv": [1, 8.125, 0.75, 8.25], "rotation": 270, "texture": "#flamberge_sword"},
				"south": {"uv": [3.875, 12.5, 4.625, 12.25], "texture": "#flamberge_sword"},
				"west": {"uv": [1, 8.125, 1.25, 8.25], "rotation": 90, "texture": "#flamberge_sword"},
				"up": {"uv": [4.875, 9.625, 4.125, 9.75], "rotation": 180, "texture": "#flamberge_sword"},
				"down": {"uv": [5.25, 9.75, 6, 9.875], "texture": "#flamberge_sword"}
			}
		},
		{
			"name": "Voxels",
			"from": [7, -0.3333, 8.3333],
			"to": [7.33333, 0.6667, 8.66663],
			"faces": {
				"north": {"uv": [2.75, 8.375, 2.875, 8.75], "rotation": 180, "texture": "#flamberge_sword", "cullface": "south"},
				"east": {"uv": [2.25, 8.375, 1.875, 8.5], "rotation": 270, "texture": "#flamberge_sword", "cullface": "south"},
				"south": {"uv": [4, 8.75, 4.125, 8.375], "texture": "#flamberge_sword", "cullface": "south"},
				"west": {"uv": [7.625, 9.25, 8, 9.375], "rotation": 90, "texture": "#flamberge_sword", "cullface": "south"},
				"down": {"uv": [4.375, 8.125, 4.5, 8.25], "texture": "#flamberge_sword", "cullface": "south"}
			}
		},
		{
			"name": "Voxels",
			"from": [7, 2.33337, 8.6667],
			"to": [9, 2.6667, 9.00003],
			"faces": {
				"north": {"uv": [5.25, 10.375, 6, 10.5], "rotation": 180, "texture": "#flamberge_sword"},
				"east": {"uv": [3.75, 8.125, 3.625, 8.25], "rotation": 270, "texture": "#flamberge_sword"},
				"south": {"uv": [0, 10, 0.75, 9.875], "texture": "#flamberge_sword"},
				"west": {"uv": [1.25, 8.25, 1.375, 8.375], "rotation": 90, "texture": "#flamberge_sword"},
				"up": {"uv": [1.5, 9.875, 0.75, 10], "rotation": 180, "texture": "#flamberge_sword"},
				"down": {"uv": [2.5, 10, 3.25, 10.125], "texture": "#flamberge_sword"}
			}
		},
		{
			"name": "Voxels",
			"from": [7.3333, 2.66667, 7],
			"to": [8.66663, 3, 7.33333],
			"faces": {
				"north": {"uv": [4.125, 10.5, 4.625, 10.625], "rotation": 180, "texture": "#flamberge_sword"},
				"east": {"uv": [8, 9.75, 7.875, 9.875], "rotation": 270, "texture": "#flamberge_sword"},
				"west": {"uv": [3.5, 8.125, 3.625, 8.25], "rotation": 90, "texture": "#flamberge_sword"},
				"up": {"uv": [5.875, 10.5, 5.375, 10.625], "rotation": 180, "texture": "#flamberge_sword"}
			}
		},
		{
			"name": "Voxels",
			"from": [7.3333, 1.3333, 7],
			"to": [8.66663, 2.3333, 7.33333],
			"faces": {
				"north": {"uv": [7, 11.875, 7.5, 12.25], "rotation": 180, "texture": "#flamberge_sword"},
				"east": {"uv": [7.75, 9, 7.375, 9.125], "rotation": 270, "texture": "#flamberge_sword"},
				"south": {"uv": [7.5, 12.25, 8, 11.875], "texture": "#flamberge_sword"},
				"west": {"uv": [1.375, 8.25, 1.75, 8.375], "rotation": 90, "texture": "#flamberge_sword"},
				"down": {"uv": [7.5, 10, 8, 10.125], "texture": "#flamberge_sword"}
			}
		},
		{
			"name": "Voxels",
			"from": [7.3333, 17, 7.3333],
			"to": [8.66663, 18, 7.66663],
			"faces": {
				"north": {"uv": [4.5, 11.875, 5, 12.25], "rotation": 180, "texture": "#flamberge_sword", "cullface": "north"},
				"east": {"uv": [2.625, 8.5, 2.25, 8.625], "rotation": 270, "texture": "#flamberge_sword", "cullface": "north"},
				"south": {"uv": [6.5, 12.25, 7, 11.875], "texture": "#flamberge_sword", "cullface": "north"},
				"west": {"uv": [5.25, 10, 5.625, 10.125], "rotation": 90, "texture": "#flamberge_sword", "cullface": "north"},
				"up": {"uv": [8, 9.875, 7.5, 10], "rotation": 180, "texture": "#flamberge_sword", "cullface": "north"}
			}
		},
		{
			"name": "Voxels",
			"from": [7.3333, 14.66663, 7.3333],
			"to": [8.66663, 16.3333, 7.66663],
			"faces": {
				"north": {"uv": [5.25, 13.625, 5.75, 14.25], "rotation": 180, "texture": "#flamberge_sword", "cullface": "north"},
				"east": {"uv": [6.625, 9.625, 6, 9.75], "rotation": 270, "texture": "#flamberge_sword", "cullface": "north"},
				"south": {"uv": [2.25, 14.25, 2.75, 13.625], "texture": "#flamberge_sword", "cullface": "north"},
				"west": {"uv": [2.375, 9.375, 3, 9.5], "rotation": 90, "texture": "#flamberge_sword", "cullface": "north"},
				"down": {"uv": [0.5, 9.125, 1, 9.25], "texture": "#flamberge_sword", "cullface": "north"}
			}
		},
		{
			"name": "Voxels",
			"from": [7.3333, 4.33337, 7.3333],
			"to": [8.66663, 5.6667, 7.66663],
			"faces": {
				"north": {"uv": [1, 12.75, 1.5, 13.25], "rotation": 180, "texture": "#flamberge_sword"},
				"east": {"uv": [3, 9.125, 2.5, 9.25], "rotation": 270, "texture": "#flamberge_sword"},
				"south": {"uv": [1.5, 13.25, 2, 12.75], "texture": "#flamberge_sword"},
				"west": {"uv": [2, 9.125, 2.5, 9.25], "rotation": 90, "texture": "#flamberge_sword"},
				"up": {"uv": [1.5, 9.125, 1, 9.25], "rotation": 180, "texture": "#flamberge_sword"}
			}
		},
		{
			"name": "Voxels",
			"from": [7.3333, 19.66663, 7.6667],
			"to": [8.66663, 20.3333, 8.33337],
			"faces": {
				"north": {"uv": [1.5, 10, 2, 10.25], "rotation": 180, "texture": "#flamberge_sword", "cullface": "north"},
				"east": {"uv": [7.875, 9.375, 7.625, 9.625], "rotation": 270, "texture": "#flamberge_sword", "cullface": "north"},
				"south": {"uv": [5.375, 11.125, 5.875, 10.875], "texture": "#flamberge_sword", "cullface": "north"},
				"west": {"uv": [7.375, 9.25, 7.625, 9.5], "rotation": 90, "texture": "#flamberge_sword", "cullface": "north"},
				"up": {"uv": [5.875, 10.625, 5.375, 10.875], "rotation": 180, "texture": "#flamberge_sword", "cullface": "north"}
			}
		},
		{
			"name": "Voxels",
			"from": [7.3333, -2.66663, 7.6667],
			"to": [8.66663, -0.3333, 8.33337],
			"faces": {
				"north": {"uv": [6.5, 15.125, 7, 16], "rotation": 180, "texture": "#flamberge_sword", "cullface": "south"},
				"east": {"uv": [0.875, 12.25, 0, 12.5], "rotation": 270, "texture": "#flamberge_sword", "cullface": "south"},
				"south": {"uv": [6, 16, 6.5, 15.125], "texture": "#flamberge_sword", "cullface": "south"},
				"west": {"uv": [4.375, 12.5, 5.25, 12.75], "rotation": 90, "texture": "#flamberge_sword", "cullface": "south"},
				"down": {"uv": [4.875, 10.875, 5.375, 11.125], "texture": "#flamberge_sword", "cullface": "south"}
			}
		},
		{
			"name": "Voxels",
			"from": [7.3333, 17, 8.3333],
			"to": [8.66663, 18, 8.66663],
			"faces": {
				"north": {"uv": [0.5, 11.875, 1, 12.25], "rotation": 180, "texture": "#flamberge_sword", "cullface": "north"},
				"east": {"uv": [0.75, 8.25, 0.375, 8.375], "rotation": 270, "texture": "#flamberge_sword", "cullface": "north"},
				"south": {"uv": [6, 15.125, 6.5, 14.75], "texture": "#flamberge_sword", "cullface": "north"},
				"west": {"uv": [7.25, 8.875, 7.625, 9], "rotation": 90, "texture": "#flamberge_sword", "cullface": "north"},
				"up": {"uv": [3.5, 9.125, 3, 9.25], "rotation": 180, "texture": "#flamberge_sword", "cullface": "north"}
			}
		},
		{
			"name": "Voxels",
			"from": [7.3333, 14.66663, 8.3333],
			"to": [8.66663, 16.3333, 8.66663],
			"faces": {
				"north": {"uv": [0, 13.625, 0.5, 14.25], "rotation": 180, "texture": "#flamberge_sword", "cullface": "north"},
				"east": {"uv": [6.625, 9.75, 6, 9.875], "rotation": 270, "texture": "#flamberge_sword", "cullface": "north"},
				"south": {"uv": [0.5, 14.25, 1, 13.625], "texture": "#flamberge_sword", "cullface": "north"},
				"west": {"uv": [7.25, 9.625, 7.875, 9.75], "rotation": 90, "texture": "#flamberge_sword", "cullface": "north"},
				"down": {"uv": [4.5, 9.125, 5, 9.25], "texture": "#flamberge_sword", "cullface": "north"}
			}
		},
		{
			"name": "Voxels",
			"from": [7.3333, 4.33337, 8.3333],
			"to": [8.66663, 5.6667, 8.66663],
			"faces": {
				"north": {"uv": [0, 12.75, 0.5, 13.25], "rotation": 180, "texture": "#flamberge_sword"},
				"east": {"uv": [7, 9.125, 6.5, 9.25], "rotation": 270, "texture": "#flamberge_sword"},
				"south": {"uv": [0.5, 13.25, 1, 12.75], "texture": "#flamberge_sword"},
				"west": {"uv": [6, 9.125, 6.5, 9.25], "rotation": 90, "texture": "#flamberge_sword"},
				"up": {"uv": [5.5, 9.125, 5, 9.25], "rotation": 180, "texture": "#flamberge_sword"}
			}
		},
		{
			"name": "Voxels",
			"from": [7.3333, 2.99997, 8.3333],
			"to": [8.99997, 3.3333, 8.66663],
			"faces": {
				"north": {"uv": [1.125, 9.25, 1.75, 9.375], "rotation": 180, "texture": "#flamberge_sword"},
				"east": {"uv": [4.625, 8.125, 4.5, 8.25], "rotation": 270, "texture": "#flamberge_sword"},
				"south": {"uv": [0.5, 9.625, 1.125, 9.5], "texture": "#flamberge_sword"}
			}
		},
		{
			"name": "Voxels",
			"from": [7.3333, 2.66667, 8.6667],
			"to": [8.66663, 3, 9.00003],
			"faces": {
				"east": {"uv": [4.875, 8.125, 4.75, 8.25], "rotation": 270, "texture": "#flamberge_sword"},
				"south": {"uv": [7.5, 9.25, 8, 9.125], "texture": "#flamberge_sword"},
				"west": {"uv": [4.875, 8.125, 5, 8.25], "rotation": 90, "texture": "#flamberge_sword"},
				"up": {"uv": [0.5, 9, 0, 9.125], "rotation": 180, "texture": "#flamberge_sword"}
			}
		},
		{
			"name": "Voxels",
			"from": [7.3333, 1.3333, 8.6667],
			"to": [8.66663, 2.3333, 9.00003],
			"faces": {
				"north": {"uv": [7.5, 11.5, 8, 11.875], "rotation": 180, "texture": "#flamberge_sword"},
				"east": {"uv": [2.25, 8.625, 1.875, 8.75], "rotation": 270, "texture": "#flamberge_sword"},
				"south": {"uv": [1, 12.25, 1.5, 11.875], "texture": "#flamberge_sword"},
				"west": {"uv": [1.875, 8.25, 2.25, 8.375], "rotation": 90, "texture": "#flamberge_sword"},
				"down": {"uv": [1.5, 9, 2, 9.125], "texture": "#flamberge_sword"}
			}
		},
		{
			"name": "Voxels",
			"from": [7.6667, 3.00003, 7],
			"to": [8.33337, 3.6667, 7.33333],
			"faces": {
				"north": {"uv": [0, 8.75, 0.25, 9], "rotation": 180, "texture": "#flamberge_sword"},
				"east": {"uv": [2.75, 8.125, 2.5, 8.25], "rotation": 270, "texture": "#flamberge_sword"},
				"west": {"uv": [1.75, 8.125, 2, 8.25], "rotation": 90, "texture": "#flamberge_sword"},
				"up": {"uv": [1.5, 8.125, 1.25, 8.25], "rotation": 180, "texture": "#flamberge_sword"}
			}
		},
		{
			"name": "Voxels",
			"from": [7.6667, 0.66663, 7],
			"to": [8.33337, 1.3333, 7.33333],
			"faces": {
				"north": {"uv": [0.5, 8.75, 0.75, 9], "rotation": 180, "texture": "#flamberge_sword"},
				"east": {"uv": [7, 12.5, 6.75, 12.625], "rotation": 270, "texture": "#flamberge_sword"},
				"west": {"uv": [7.75, 13.125, 8, 13.25], "rotation": 90, "texture": "#flamberge_sword"},
				"down": {"uv": [2.25, 8.125, 2.5, 8.25], "texture": "#flamberge_sword"}
			}
		},
		{
			"name": "Voxels",
			"from": [7.6667, 18.00003, 7.3333],
			"to": [8.33337, 18.6667, 7.66663],
			"faces": {
				"north": {"uv": [1, 8.75, 1.25, 9], "rotation": 180, "texture": "#flamberge_sword", "cullface": "north"},
				"east": {"uv": [7.625, 10.5, 7.375, 10.625], "rotation": 270, "texture": "#flamberge_sword", "cullface": "north"},
				"south": {"uv": [1.25, 9, 1.5, 8.75], "texture": "#flamberge_sword", "cullface": "north"},
				"west": {"uv": [7.125, 10.5, 7.375, 10.625], "rotation": 90, "texture": "#flamberge_sword", "cullface": "north"},
				"up": {"uv": [4.875, 10.5, 4.625, 10.625], "rotation": 180, "texture": "#flamberge_sword", "cullface": "north"}
			}
		},
		{
			"name": "Voxels",
			"from": [7.6667, 14.33337, 7.3333],
			"to": [8.33337, 14.6667, 8.66663],
			"faces": {
				"north": {"uv": [3.625, 10, 3.875, 10.125], "rotation": 180, "texture": "#flamberge_sword"},
				"east": {"uv": [0.125, 8.25, 0, 8.75], "rotation": 270, "texture": "#flamberge_sword"},
				"south": {"uv": [3.875, 10.125, 4.125, 10], "texture": "#flamberge_sword"},
				"west": {"uv": [7.875, 10.625, 8, 11.125], "rotation": 90, "texture": "#flamberge_sword"},
				"up": {"uv": [5.25, 14.75, 5, 15.25], "rotation": 180, "texture": "#flamberge_sword"},
				"down": {"uv": [0.75, 10, 1, 10.5], "texture": "#flamberge_sword"}
			}
		},
		{
			"name": "Voxels",
			"from": [7.6667, 12.99997, 7.3333],
			"to": [8.33337, 14.3333, 7.66663],
			"faces": {
				"north": {"uv": [0.5, 10, 0.75, 10.5], "rotation": 180, "texture": "#flamberge_sword"},
				"east": {"uv": [3, 9, 2.5, 9.125], "rotation": 270, "texture": "#flamberge_sword"},
				"south": {"uv": [0.25, 10.5, 0.5, 10], "texture": "#flamberge_sword"},
				"west": {"uv": [2, 9, 2.5, 9.125], "rotation": 90, "texture": "#flamberge_sword"},
				"down": {"uv": [3.875, 9.25, 4.125, 9.375], "texture": "#flamberge_sword"}
			}
		},
		{
			"name": "Voxels",
			"from": [7.6667, 5.66667, 7.3333],
			"to": [8.33337, 7, 7.66663],
			"faces": {
				"north": {"uv": [0, 10, 0.25, 10.5], "rotation": 180, "texture": "#flamberge_sword"},
				"east": {"uv": [4, 9, 3.5, 9.125], "rotation": 270, "texture": "#flamberge_sword"},
				"south": {"uv": [7.625, 11.125, 7.875, 10.625], "texture": "#flamberge_sword"},
				"west": {"uv": [3, 9, 3.5, 9.125], "rotation": 90, "texture": "#flamberge_sword"},
				"up": {"uv": [4.375, 9.25, 4.125, 9.375], "rotation": 180, "texture": "#flamberge_sword"}
			}
		},
		{
			"name": "Voxels",
			"from": [7.6667, 1.33337, 7.3333],
			"to": [9.33337, 1.6667, 7.66663],
			"faces": {
				"north": {"uv": [1.125, 9.375, 1.75, 9.5], "rotation": 180, "texture": "#flamberge_sword"},
				"east": {"uv": [3.375, 8.125, 3.25, 8.25], "rotation": 270, "texture": "#flamberge_sword"},
				"south": {"uv": [0.5, 9.375, 1.125, 9.25], "texture": "#flamberge_sword"},
				"up": {"uv": [1.125, 9.375, 0.5, 9.5], "rotation": 180, "texture": "#flamberge_sword"},
				"down": {"uv": [2.375, 9.5, 3, 9.625], "texture": "#flamberge_sword"}
			}
		},
		{
			"name": "Voxels",
			"from": [7.6667, 0.33337, 7.3333],
			"to": [8.33337, 0.6667, 7.66663],
			"faces": {
				"north": {"uv": [4.625, 9.25, 4.875, 9.375], "rotation": 180, "texture": "#flamberge_sword"},
				"east": {"uv": [4.25, 8.25, 4.125, 8.375], "rotation": 270, "texture": "#flamberge_sword"},
				"west": {"uv": [2.875, 8.125, 3, 8.25], "rotation": 90, "texture": "#flamberge_sword"},
				"down": {"uv": [5.375, 9.25, 5.625, 9.375], "texture": "#flamberge_sword"}
			}
		},
		{
			"name": "Voxels",
			"from": [7.6667, 20.3333, 7.6667],
			"to": [8.33337, 21.3333, 8.33337],
			"faces": {
				"north": {"uv": [3.875, 10.125, 4.125, 10.5], "rotation": 180, "texture": "#flamberge_sword", "cullface": "north"},
				"east": {"uv": [2.375, 10, 2, 10.25], "rotation": 270, "texture": "#flamberge_sword", "cullface": "north"},
				"south": {"uv": [3.625, 10.5, 3.875, 10.125], "texture": "#flamberge_sword", "cullface": "north"},
				"west": {"uv": [3.25, 10.25, 3.625, 10.5], "rotation": 90, "texture": "#flamberge_sword", "cullface": "north"},
				"up": {"uv": [1.75, 8.75, 1.5, 9], "rotation": 180, "texture": "#flamberge_sword", "cullface": "north"}
			}
		},
		{
			"name": "Voxels",
			"from": [7.6667, 14.66667, 7.6667],
			"to": [10.00003, 15, 8.33337],
			"faces": {
				"north": {"uv": [6.25, 13.25, 7.125, 13.375], "rotation": 180, "texture": "#flamberge_sword"},
				"east": {"uv": [8, 9.375, 7.875, 9.625], "rotation": 270, "texture": "#flamberge_sword"},
				"south": {"uv": [6, 12.875, 6.875, 12.75], "texture": "#flamberge_sword"},
				"up": {"uv": [7.875, 12.5, 7, 12.75], "rotation": 180, "texture": "#flamberge_sword"},
				"down": {"uv": [0, 12.5, 0.875, 12.75], "texture": "#flamberge_sword"}
			}
		},
		{
			"name": "Voxels",
			"from": [7.6667, -3.6667, 7.6667],
			"to": [8.33337, -2.6667, 8.33337],
			"faces": {
				"north": {"uv": [7.75, 12.75, 8, 13.125], "rotation": 180, "texture": "#flamberge_sword", "cullface": "south"},
				"east": {"uv": [8, 12.25, 7.625, 12.5], "rotation": 270, "texture": "#flamberge_sword", "cullface": "south"},
				"south": {"uv": [7.75, 14.25, 8, 13.875], "texture": "#flamberge_sword", "cullface": "south"},
				"west": {"uv": [1.125, 10.5, 1.5, 10.75], "rotation": 90, "texture": "#flamberge_sword", "cullface": "south"}
			}
		},
		{
			"name": "Voxels",
			"from": [7.6667, -5, 7.6667],
			"to": [8.33337, -4, 8.33337],
			"faces": {
				"north": {"uv": [0.25, 9.25, 0.5, 9.625], "rotation": 180, "texture": "#flamberge_sword", "cullface": "south"},
				"east": {"uv": [1.5, 9.625, 1.125, 9.875], "rotation": 270, "texture": "#flamberge_sword", "cullface": "south"},
				"south": {"uv": [0, 9.625, 0.25, 9.25], "texture": "#flamberge_sword", "cullface": "south"},
				"west": {"uv": [1.5, 9.625, 1.875, 9.875], "rotation": 90, "texture": "#flamberge_sword", "cullface": "south"},
				"down": {"uv": [2.75, 8.75, 3, 9], "texture": "#flamberge_sword", "cullface": "south"}
			}
		},
		{
			"name": "Voxels",
			"from": [7.6667, 18.00003, 8.3333],
			"to": [8.33337, 18.6667, 8.66663],
			"faces": {
				"north": {"uv": [3, 8.75, 3.25, 9], "rotation": 180, "texture": "#flamberge_sword", "cullface": "north"},
				"east": {"uv": [5.125, 8.375, 4.875, 8.5], "rotation": 270, "texture": "#flamberge_sword", "cullface": "north"},
				"south": {"uv": [3.25, 9, 3.5, 8.75], "texture": "#flamberge_sword", "cullface": "north"},
				"west": {"uv": [4.875, 8.5, 5.125, 8.625], "rotation": 90, "texture": "#flamberge_sword", "cullface": "north"},
				"up": {"uv": [8, 9, 7.75, 9.125], "rotation": 180, "texture": "#flamberge_sword", "cullface": "north"}
			}
		},
		{
			"name": "Voxels",
			"from": [7.6667, 12.99997, 8.3333],
			"to": [8.33337, 14.3333, 8.66663],
			"faces": {
				"east": {"uv": [5, 9, 4.5, 9.125], "rotation": 270, "texture": "#flamberge_sword"},
				"south": {"uv": [7.375, 11.125, 7.625, 10.625], "texture": "#flamberge_sword"},
				"west": {"uv": [4, 9, 4.5, 9.125], "rotation": 90, "texture": "#flamberge_sword"},
				"down": {"uv": [5.25, 8.625, 5.5, 8.75], "texture": "#flamberge_sword"}
			}
		},
		{
			"name": "Voxels",
			"from": [7.6667, 5.66667, 8.3333],
			"to": [8.33337, 7, 8.66663],
			"faces": {
				"east": {"uv": [6, 9, 5.5, 9.125], "rotation": 270, "texture": "#flamberge_sword"},
				"south": {"uv": [4.625, 11.125, 4.875, 10.625], "texture": "#flamberge_sword"},
				"west": {"uv": [5, 9, 5.5, 9.125], "rotation": 90, "texture": "#flamberge_sword"},
				"up": {"uv": [5.5, 8.25, 5.25, 8.375], "rotation": 180, "texture": "#flamberge_sword"}
			}
		},
		{
			"name": "Voxels",
			"from": [7.6667, 1.33337, 8.3333],
			"to": [9.33337, 1.6667, 8.66663],
			"faces": {
				"north": {"uv": [3, 9.5, 3.625, 9.625], "rotation": 180, "texture": "#flamberge_sword"},
				"east": {"uv": [5.125, 8.125, 5, 8.25], "rotation": 270, "texture": "#flamberge_sword"},
				"south": {"uv": [0.5, 10.625, 1.125, 10.5], "texture": "#flamberge_sword"},
				"up": {"uv": [3, 9.25, 2.375, 9.375], "rotation": 180, "texture": "#flamberge_sword"},
				"down": {"uv": [1.75, 9.25, 2.375, 9.375], "texture": "#flamberge_sword"}
			}
		},
		{
			"name": "Voxels",
			"from": [7.6667, 0.33337, 8.3333],
			"to": [8.33337, 0.6667, 8.66663],
			"faces": {
				"east": {"uv": [2.75, 8.25, 2.625, 8.375], "rotation": 270, "texture": "#flamberge_sword"},
				"south": {"uv": [5.625, 8.375, 5.875, 8.25], "texture": "#flamberge_sword"},
				"west": {"uv": [3.875, 8.125, 4, 8.25], "rotation": 90, "texture": "#flamberge_sword"},
				"down": {"uv": [6, 8.5, 6.25, 8.625], "texture": "#flamberge_sword"}
			}
		},
		{
			"name": "Voxels",
			"from": [7.6667, 3.00003, 8.6667],
			"to": [8.33337, 3.6667, 9.00003],
			"faces": {
				"north": {"uv": [3.5, 8.75, 3.75, 9], "rotation": 180, "texture": "#flamberge_sword"},
				"east": {"uv": [6.5, 8.5, 6.25, 8.625], "rotation": 270, "texture": "#flamberge_sword"},
				"south": {"uv": [3.75, 9, 4, 8.75], "texture": "#flamberge_sword"},
				"west": {"uv": [6.25, 8.625, 6.5, 8.75], "rotation": 90, "texture": "#flamberge_sword"},
				"up": {"uv": [6.25, 8.375, 6, 8.5], "rotation": 180, "texture": "#flamberge_sword"}
			}
		},
		{
			"name": "Voxels",
			"from": [7.6667, 0.66663, 8.6667],
			"to": [8.33337, 1.3333, 9.00003],
			"faces": {
				"east": {"uv": [6.75, 8.5, 6.5, 8.625], "rotation": 270, "texture": "#flamberge_sword"},
				"south": {"uv": [4.25, 9, 4.5, 8.75], "texture": "#flamberge_sword"},
				"west": {"uv": [6.5, 8.625, 6.75, 8.75], "rotation": 90, "texture": "#flamberge_sword"},
				"down": {"uv": [6.25, 8.25, 6.5, 8.375], "texture": "#flamberge_sword"}
			}
		},
		{
			"name": "Voxels",
			"from": [8.3333, 1.6667, 7.3333],
			"to": [9.3333, 2.6667, 7.66663],
			"faces": {
				"north": {"uv": [1.125, 10.75, 1.5, 11.125], "rotation": 180, "texture": "#flamberge_sword"},
				"east": {"uv": [3.625, 8.625, 3.25, 8.75], "rotation": 270, "texture": "#flamberge_sword"},
				"south": {"uv": [1.5, 11.125, 1.875, 10.75], "texture": "#flamberge_sword"},
				"west": {"uv": [2.25, 8.375, 2.625, 8.5], "rotation": 90, "texture": "#flamberge_sword"},
				"up": {"uv": [4, 8.5, 3.625, 8.625], "rotation": 180, "texture": "#flamberge_sword"}
			}
		},
		{
			"name": "Voxels",
			"from": [8.3333, 15.6667, 7.6667],
			"to": [10.3333, 17.6667, 8.33337],
			"faces": {
				"north": {"uv": [1.5, 15.25, 2.25, 16], "rotation": 180, "texture": "#flamberge_sword", "cullface": "north"},
				"east": {"uv": [6.875, 12.25, 6.125, 12.5], "rotation": 270, "texture": "#flamberge_sword", "cullface": "north"},
				"south": {"uv": [2.25, 16, 3, 15.25], "texture": "#flamberge_sword", "cullface": "north"},
				"west": {"uv": [6.875, 12.25, 7.625, 12.5], "rotation": 90, "texture": "#flamberge_sword", "cullface": "north"},
				"down": {"uv": [3, 12, 3.75, 12.25], "texture": "#flamberge_sword", "cullface": "north"}
			}
		},
		{
			"name": "Voxels",
			"from": [8.3333, 15.00003, 7.6667],
			"to": [9.99997, 15.6667, 8.33337],
			"faces": {
				"north": {"uv": [6.875, 11.125, 7.5, 11.375], "rotation": 180, "texture": "#flamberge_sword"},
				"east": {"uv": [5, 8.75, 4.75, 9], "rotation": 270, "texture": "#flamberge_sword"},
				"south": {"uv": [3.125, 11.375, 3.75, 11.125], "texture": "#flamberge_sword"},
				"west": {"uv": [4.5, 8.75, 4.75, 9], "rotation": 90, "texture": "#flamberge_sword"}
			}
		},
		{
			"name": "Voxels",
			"from": [8.3333, 14.33337, 7.6667],
			"to": [9.99997, 14.6667, 8.33337],
			"faces": {
				"north": {"uv": [1.75, 9.375, 2.375, 9.5], "rotation": 180, "texture": "#flamberge_sword"},
				"east": {"uv": [7.625, 8.5, 7.5, 8.75], "rotation": 270, "texture": "#flamberge_sword"},
				"south": {"uv": [6.625, 9.875, 7.25, 9.75], "texture": "#flamberge_sword"},
				"down": {"uv": [1.25, 11.125, 1.875, 11.375], "texture": "#flamberge_sword"}
			}
		},
		{
			"name": "Voxels",
			"from": [8.3333, 3.99997, 7.6667],
			"to": [9.3333, 5.3333, 8.33337],
			"faces": {
				"north": {"uv": [1.125, 11.375, 1.5, 11.875], "rotation": 180, "texture": "#flamberge_sword"},
				"east": {"uv": [7.125, 10.875, 6.625, 11.125], "rotation": 270, "texture": "#flamberge_sword"},
				"south": {"uv": [0.75, 11.875, 1.125, 11.375], "texture": "#flamberge_sword"},
				"west": {"uv": [5.875, 10.625, 6.375, 10.875], "rotation": 90, "texture": "#flamberge_sword"},
				"down": {"uv": [7.5, 10.125, 7.875, 10.375], "texture": "#flamberge_sword"}
			}
		},
		{
			"name": "Voxels",
			"from": [8.3333, 1.6667, 8.3333],
			"to": [9.3333, 2.6667, 8.66663],
			"faces": {
				"north": {"uv": [1.875, 10.75, 2.25, 11.125], "rotation": 180, "texture": "#flamberge_sword"},
				"east": {"uv": [3.625, 8.5, 3.25, 8.625], "rotation": 270, "texture": "#flamberge_sword"},
				"south": {"uv": [2.25, 11.125, 2.625, 10.75], "texture": "#flamberge_sword"},
				"west": {"uv": [3.25, 8.375, 3.625, 8.5], "rotation": 90, "texture": "#flamberge_sword"},
				"up": {"uv": [4, 8.25, 3.625, 8.375], "rotation": 180, "texture": "#flamberge_sword"}
			}
		},
		{
			"name": "Voxels",
			"from": [8.6667, -0.3333, 7.3333],
			"to": [9.00003, 0.6667, 7.66663],
			"faces": {
				"north": {"uv": [2.875, 8.25, 3, 8.625], "rotation": 180, "texture": "#flamberge_sword", "cullface": "south"},
				"east": {"uv": [1.75, 8.625, 1.375, 8.75], "rotation": 270, "texture": "#flamberge_sword", "cullface": "south"},
				"south": {"uv": [2.625, 8.75, 2.75, 8.375], "texture": "#flamberge_sword", "cullface": "south"},
				"west": {"uv": [1.875, 8.5, 2.25, 8.625], "rotation": 90, "texture": "#flamberge_sword", "cullface": "south"},
				"down": {"uv": [1.125, 8.25, 1.25, 8.375], "texture": "#flamberge_sword", "cullface": "south"}
			}
		},
		{
			"name": "Voxels",
			"from": [8.6667, 3.66667, 7.6667],
			"to": [9.6667, 4, 8.33337],
			"faces": {
				"north": {"uv": [5.625, 10, 6, 10.125], "rotation": 180, "texture": "#flamberge_sword"},
				"east": {"uv": [0.125, 7.875, 0, 8.125], "rotation": 270, "texture": "#flamberge_sword"},
				"south": {"uv": [0.375, 8.625, 0.75, 8.5], "texture": "#flamberge_sword"},
				"west": {"uv": [7.875, 8.25, 8, 8.5], "rotation": 90, "texture": "#flamberge_sword"},
				"up": {"uv": [3, 9.625, 2.625, 9.875], "rotation": 180, "texture": "#flamberge_sword"},
				"down": {"uv": [3, 9.625, 3.375, 9.875], "texture": "#flamberge_sword"}
			}
		},
		{
			"name": "Voxels",
			"from": [8.6667, 3.33337, 7.6667],
			"to": [9.33337, 3.6667, 8.33337],
			"faces": {
				"north": {"uv": [0.25, 8.125, 0.5, 8.25], "rotation": 180, "texture": "#flamberge_sword"},
				"east": {"uv": [0.5, 7.875, 0.375, 8.125], "rotation": 270, "texture": "#flamberge_sword"},
				"south": {"uv": [0.5, 8.25, 0.75, 8.125], "texture": "#flamberge_sword"},
				"west": {"uv": [0.25, 7.875, 0.375, 8.125], "rotation": 90, "texture": "#flamberge_sword"},
				"down": {"uv": [5.25, 8.75, 5.5, 9], "texture": "#flamberge_sword"}
			}
		},
		{
			"name": "Voxels",
			"from": [8.6667, 2.66663, 7.6667],
			"to": [9.00003, 3.3333, 8.33337],
			"faces": {
				"east": {"uv": [6, 8.75, 5.75, 9], "rotation": 270, "texture": "#flamberge_sword"},
				"south": {"uv": [0.625, 8.125, 0.75, 7.875], "texture": "#flamberge_sword"},
				"west": {"uv": [5.5, 8.75, 5.75, 9], "rotation": 90, "texture": "#flamberge_sword"},
				"down": {"uv": [0.875, 7.875, 1, 8.125], "texture": "#flamberge_sword"}
			}
		},
		{
			"name": "Voxels",
			"from": [8.6667, 1.33337, 7.6667],
			"to": [10.6667, 1.6667, 8.33337],
			"faces": {
				"north": {"uv": [1.5, 9.875, 2.25, 10], "rotation": 180, "texture": "#flamberge_sword"},
				"east": {"uv": [1.75, 7.875, 1.625, 8.125], "rotation": 270, "texture": "#flamberge_sword"},
				"south": {"uv": [7.125, 10.5, 7.875, 10.375], "texture": "#flamberge_sword"},
				"west": {"uv": [1.5, 7.875, 1.625, 8.125], "rotation": 90, "texture": "#flamberge_sword"},
				"up": {"uv": [6, 11.375, 5.25, 11.625], "rotation": 180, "texture": "#flamberge_sword"},
				"down": {"uv": [5.25, 11.625, 6, 11.875], "texture": "#flamberge_sword"}
			}
		},
		{
			"name": "Voxels",
			"from": [8.6667, -0.3333, 8.3333],
			"to": [9.00003, 0.6667, 8.66663],
			"faces": {
				"north": {"uv": [3.125, 8.25, 3.25, 8.625], "rotation": 180, "texture": "#flamberge_sword", "cullface": "south"},
				"east": {"uv": [3.25, 8.625, 2.875, 8.75], "rotation": 270, "texture": "#flamberge_sword", "cullface": "south"},
				"south": {"uv": [3, 8.625, 3.125, 8.25], "texture": "#flamberge_sword", "cullface": "south"},
				"west": {"uv": [3.25, 8.25, 3.625, 8.375], "rotation": 90, "texture": "#flamberge_sword", "cullface": "south"},
				"down": {"uv": [2.75, 8.125, 2.875, 8.25], "texture": "#flamberge_sword", "cullface": "south"}
			}
		},
		{
			"name": "Voxels",
			"from": [9, 1.66667, 7.6667],
			"to": [9.33333, 3, 8.33337],
			"faces": {
				"north": {"uv": [0.125, 8.25, 0.25, 8.75], "rotation": 180, "texture": "#flamberge_sword"},
				"east": {"uv": [6.375, 10.875, 5.875, 11.125], "rotation": 270, "texture": "#flamberge_sword"},
				"south": {"uv": [0.25, 8.75, 0.375, 8.25], "texture": "#flamberge_sword"},
				"west": {"uv": [1, 10.25, 1.5, 10.5], "rotation": 90, "texture": "#flamberge_sword"},
				"up": {"uv": [1.875, 7.875, 1.75, 8.125], "rotation": 180, "texture": "#flamberge_sword"}
			}
		},
		{
			"name": "Voxels",
			"from": [9, -0.66663, 7.6667],
			"to": [9.33333, -0.3333, 8.33337],
			"faces": {
				"north": {"uv": [4.125, 8.125, 4.25, 8.25], "rotation": 180, "texture": "#flamberge_sword", "cullface": "south"},
				"east": {"uv": [2.625, 7.875, 2.5, 8.125], "rotation": 270, "texture": "#flamberge_sword", "cullface": "south"},
				"south": {"uv": [4.25, 8.25, 4.375, 8.125], "texture": "#flamberge_sword", "cullface": "south"},
				"west": {"uv": [2.375, 7.875, 2.5, 8.125], "rotation": 90, "texture": "#flamberge_sword", "cullface": "south"},
				"down": {"uv": [2.25, 7.875, 2.375, 8.125], "texture": "#flamberge_sword", "cullface": "south"}
			}
		},
		{
			"name": "Voxels",
			"from": [9, -3.66667, 7.6667],
			"to": [9.33333, -3, 8.33337],
			"faces": {
				"north": {"uv": [2.625, 7.875, 2.75, 8.125], "rotation": 180, "texture": "#flamberge_sword", "cullface": "south"},
				"east": {"uv": [6.5, 8.75, 6.25, 9], "rotation": 270, "texture": "#flamberge_sword", "cullface": "south"},
				"south": {"uv": [2.75, 8.125, 2.875, 7.875], "texture": "#flamberge_sword", "cullface": "south"},
				"west": {"uv": [6, 8.75, 6.25, 9], "rotation": 90, "texture": "#flamberge_sword", "cullface": "south"},
				"up": {"uv": [3, 7.875, 2.875, 8.125], "rotation": 180, "texture": "#flamberge_sword", "cullface": "south"},
				"down": {"uv": [3, 7.875, 3.125, 8.125], "texture": "#flamberge_sword", "cullface": "south"}
			}
		},
		{
			"name": "Voxels",
			"from": [9.3333, 4, 7.6667],
			"to": [9.66663, 5, 8.33337],
			"faces": {
				"north": {"uv": [1, 8.375, 1.125, 8.75], "rotation": 180, "texture": "#flamberge_sword"},
				"east": {"uv": [6.375, 10, 6, 10.25], "rotation": 270, "texture": "#flamberge_sword"},
				"south": {"uv": [0.75, 8.75, 0.875, 8.375], "texture": "#flamberge_sword"},
				"up": {"uv": [3.25, 7.875, 3.125, 8.125], "rotation": 180, "texture": "#flamberge_sword"}
			}
		},
		{
			"name": "Voxels",
			"from": [9.3333, 2.00003, 7.6667],
			"to": [10.99997, 2.6667, 8.33337],
			"faces": {
				"north": {"uv": [0.625, 11.125, 1.25, 11.375], "rotation": 180, "texture": "#flamberge_sword"},
				"east": {"uv": [7, 8.75, 6.75, 9], "rotation": 270, "texture": "#flamberge_sword"},
				"south": {"uv": [0, 11.375, 0.625, 11.125], "texture": "#flamberge_sword"},
				"up": {"uv": [1.125, 10.625, 0.5, 10.875], "rotation": 180, "texture": "#flamberge_sword"},
				"down": {"uv": [3.75, 11.125, 4.375, 11.375], "texture": "#flamberge_sword"}
			}
		},
		{
			"name": "Voxels",
			"from": [9.3333, 1.66667, 7.6667],
			"to": [10.66663, 2, 8.33337],
			"faces": {
				"north": {"uv": [6, 9, 6.5, 9.125], "rotation": 180, "texture": "#flamberge_sword"},
				"east": {"uv": [4.5, 7.875, 4.375, 8.125], "rotation": 270, "texture": "#flamberge_sword"},
				"south": {"uv": [6.5, 9.125, 7, 9], "texture": "#flamberge_sword"}
			}
		},
		{
			"name": "Voxels",
			"from": [9.6667, 0.66667, 7.6667],
			"to": [10.00003, 1, 8.33337],
			"faces": {
				"north": {"uv": [3, 8.125, 3.125, 8.25], "rotation": 180, "texture": "#flamberge_sword"},
				"east": {"uv": [5, 7.875, 4.875, 8.125], "rotation": 270, "texture": "#flamberge_sword"},
				"south": {"uv": [3.125, 8.25, 3.25, 8.125], "texture": "#flamberge_sword"},
				"west": {"uv": [4.75, 7.875, 4.875, 8.125], "rotation": 90, "texture": "#flamberge_sword"},
				"down": {"uv": [4.625, 7.875, 4.75, 8.125], "texture": "#flamberge_sword"}
			}
		},
		{
			"name": "Voxels",
			"from": [10, 2.66667, 7.6667],
			"to": [11, 3, 8.33337],
			"faces": {
				"north": {"uv": [4.375, 8.625, 4.75, 8.75], "rotation": 180, "texture": "#flamberge_sword"},
				"east": {"uv": [5.5, 7.875, 5.375, 8.125], "rotation": 270, "texture": "#flamberge_sword"},
				"south": {"uv": [4.375, 8.625, 4.75, 8.5], "texture": "#flamberge_sword"},
				"west": {"uv": [5.25, 7.875, 5.375, 8.125], "rotation": 90, "texture": "#flamberge_sword"},
				"up": {"uv": [5.625, 10.125, 5.25, 10.375], "rotation": 180, "texture": "#flamberge_sword"}
			}
		},
		{
			"name": "Voxels",
			"from": [10.3333, 16.66663, 7.6667],
			"to": [10.66663, 17.3333, 8.33337],
			"faces": {
				"north": {"uv": [5.5, 7.875, 5.625, 8.125], "rotation": 180, "texture": "#flamberge_sword", "cullface": "north"},
				"east": {"uv": [3.25, 9.25, 3, 9.5], "rotation": 270, "texture": "#flamberge_sword", "cullface": "north"},
				"south": {"uv": [5.625, 8.125, 5.75, 7.875], "texture": "#flamberge_sword", "cullface": "north"},
				"up": {"uv": [5.875, 7.875, 5.75, 8.125], "rotation": 180, "texture": "#flamberge_sword", "cullface": "north"},
				"down": {"uv": [5.875, 7.875, 6, 8.125], "texture": "#flamberge_sword", "cullface": "north"}
			}
		},
		{
			"name": "Voxels",
			"from": [10.6667, 2.99997, 7.6667],
			"to": [11.00003, 3.3333, 8.33337],
			"faces": {
				"north": {"uv": [5.25, 8.125, 5.375, 8.25], "rotation": 180, "texture": "#flamberge_sword"},
				"east": {"uv": [6.5, 7.875, 6.375, 8.125], "rotation": 270, "texture": "#flamberge_sword"},
				"south": {"uv": [5.375, 8.25, 5.5, 8.125], "texture": "#flamberge_sword"},
				"west": {"uv": [6.25, 7.875, 6.375, 8.125], "rotation": 90, "texture": "#flamberge_sword"},
				"up": {"uv": [6.125, 7.875, 6, 8.125], "rotation": 180, "texture": "#flamberge_sword"}
			}
		}
	],
	"display": {
		"thirdperson_righthand": {
			"rotation": [0, 90, 0],
			"translation": [0, 7.25, 1.75]
		},
		"thirdperson_lefthand": {
			"rotation": [0, 90, 0],
			"translation": [0, 7.25, 1.75]
		},
		"firstperson_righthand": {
			"rotation": [-25, 90, 0],
			"translation": [2, 1, 0],
			"scale": [0.68, 0.68, 0.68]
		},
		"firstperson_lefthand": {
			"rotation": [-25, 90, 0],
			"translation": [2, 1, 0],
			"scale": [0.68, 0.68, 0.68]
		},
		"ground": {
			"rotation": [0, 0, 45],
			"translation": [0, 4.5, 0],
			"scale": [0.8, 0.8, 0.8]
		},
		"gui": {
			"rotation": [0, 0, -45],
			"scale": [0.8, 0.8, 0.8]
		},
		"fixed": {
			"rotation": [0, 0, -45],
			"translation": [0, 0, -0.25],
			"scale": [0.8, 0.8, 0.8]
		}
	}
}