{
	"credit": "Made with Blockbench",
	"textures": {
		"pourfendeuse_de_mort": "custom/item/grandes_epees/pourfendeuse_mort"
	},
	"elements": [
		{
			"name": "Voxels",
			"from": [5.5385, 3.6923, 7.6923],
			"to": [10.46158, 4.30768, 8.30768],
			"faces": {
				"north": {"uv": [7, 15, 3, 15.5], "texture": "#pourfendeuse_de_mort"},
				"east": {"uv": [7, 13, 6.5, 13.5], "texture": "#pourfendeuse_de_mort"},
				"south": {"uv": [3, 14.5, 7, 15], "texture": "#pourfendeuse_de_mort"},
				"west": {"uv": [6.5, 13.5, 7, 14], "texture": "#pourfendeuse_de_mort"},
				"up": {"uv": [3, 16, 7, 15.5], "texture": "#pourfendeuse_de_mort"},
				"down": {"uv": [3, 14, 7, 14.5], "texture": "#pourfendeuse_de_mort"}
			}
		},
		{
			"name": "Voxels",
			"from": [5.5385, 4.3077, 7.6923],
			"to": [6.15388, 4.61539, 8.30768],
			"faces": {
				"north": {"uv": [4.5, 8, 4, 8.25], "texture": "#pourfendeuse_de_mort"},
				"east": {"uv": [2.5, 8, 2, 8.25], "texture": "#pourfendeuse_de_mort"},
				"south": {"uv": [8.25, 10, 8.75, 10.25], "texture": "#pourfendeuse_de_mort"},
				"west": {"uv": [8.25, 9.75, 8.75, 10], "texture": "#pourfendeuse_de_mort"},
				"up": {"uv": [6.5, 12.5, 7, 12], "texture": "#pourfendeuse_de_mort"}
			}
		},
		{
			"name": "Voxels",
			"from": [5.8462, 3.3846, 7.6923],
			"to": [10.15389, 3.69229, 8.30768],
			"faces": {
				"north": {"uv": [7, 11.25, 3.5, 11.5], "texture": "#pourfendeuse_de_mort"},
				"east": {"uv": [4, 8, 3.5, 8.25], "texture": "#pourfendeuse_de_mort"},
				"south": {"uv": [3.5, 11, 7, 11.25], "texture": "#pourfendeuse_de_mort"},
				"west": {"uv": [2.5, 8, 3, 8.25], "texture": "#pourfendeuse_de_mort"},
				"down": {"uv": [3, 13.5, 6.5, 14], "texture": "#pourfendeuse_de_mort"}
			}
		},
		{
			"name": "Voxels",
			"from": [6.1538, 3.0769, 7.6923],
			"to": [6.46149, 3.38459, 8.30768],
			"faces": {
				"north": {"uv": [9, 11.75, 8.75, 12], "texture": "#pourfendeuse_de_mort"},
				"east": {"uv": [9.25, 14.5, 8.75, 14.75], "texture": "#pourfendeuse_de_mort"},
				"south": {"uv": [9, 11.5, 9.25, 11.75], "texture": "#pourfendeuse_de_mort"},
				"west": {"uv": [8.75, 14.25, 9.25, 14.5], "texture": "#pourfendeuse_de_mort"},
				"down": {"uv": [8.25, 11.25, 8.5, 11.75], "texture": "#pourfendeuse_de_mort"}
			}
		},
		{
			"name": "Voxels",
			"from": [7.0769, 3.0769, 7.6923],
			"to": [8.92305, 3.38459, 8.30768],
			"faces": {
				"north": {"uv": [9.5, 15.25, 8, 15.5], "texture": "#pourfendeuse_de_mort"},
				"east": {"uv": [8.75, 8, 8.25, 8.25], "texture": "#pourfendeuse_de_mort"},
				"south": {"uv": [9.5, 15.25, 11, 15.5], "texture": "#pourfendeuse_de_mort"},
				"west": {"uv": [8.25, 9.5, 8.75, 9.75], "texture": "#pourfendeuse_de_mort"},
				"down": {"uv": [5, 8.25, 6.5, 8.75], "texture": "#pourfendeuse_de_mort"}
			}
		},
		{
			"name": "Voxels",
			"from": [7.0769, 3.3846, 7.3846],
			"to": [8.92305, 3.99999, 7.69229],
			"faces": {
				"north": {"uv": [6.5, 11.5, 5, 12], "texture": "#pourfendeuse_de_mort"},
				"east": {"uv": [8.5, 8.75, 8.25, 9.25], "texture": "#pourfendeuse_de_mort"},
				"west": {"uv": [8.5, 8.75, 8.75, 9.25], "texture": "#pourfendeuse_de_mort"},
				"up": {"uv": [8, 15.25, 9.5, 15], "texture": "#pourfendeuse_de_mort"},
				"down": {"uv": [11, 15, 12.5, 15.25], "texture": "#pourfendeuse_de_mort"}
			}
		},
		{
			"name": "Voxels",
			"from": [7.0769, 3.3846, 8.3077],
			"to": [8.92305, 3.99999, 8.61539],
			"faces": {
				"north": {"uv": [6.5, 12, 5, 12.5], "texture": "#pourfendeuse_de_mort"},
				"east": {"uv": [8.5, 10.25, 8.25, 10.75], "texture": "#pourfendeuse_de_mort"},
				"south": {"uv": [5, 8.75, 6.5, 9.25], "texture": "#pourfendeuse_de_mort"},
				"west": {"uv": [8.5, 10.25, 8.75, 10.75], "texture": "#pourfendeuse_de_mort"},
				"up": {"uv": [14, 15.5, 15.5, 15.25], "texture": "#pourfendeuse_de_mort"},
				"down": {"uv": [5, 8, 6.5, 8.25], "texture": "#pourfendeuse_de_mort"}
			}
		},
		{
			"name": "Voxels",
			"from": [7.0769, 4.3077, 7.6923],
			"to": [8.92305, 4.61539, 8.30768],
			"faces": {
				"north": {"uv": [12.5, 15.25, 11, 15.5], "texture": "#pourfendeuse_de_mort"},
				"east": {"uv": [15.75, 14.75, 15.25, 15], "texture": "#pourfendeuse_de_mort"},
				"south": {"uv": [12.5, 15.25, 14, 15.5], "texture": "#pourfendeuse_de_mort"},
				"west": {"uv": [8.25, 11, 8.75, 11.25], "texture": "#pourfendeuse_de_mort"},
				"up": {"uv": [10, 16, 11.5, 15.5], "texture": "#pourfendeuse_de_mort"}
			}
		},
		{
			"name": "Voxels",
			"from": [7.0769, 5.5385, 7.6923],
			"to": [8.92305, 5.84619, 8.30768],
			"faces": {
				"north": {"uv": [11, 15, 9.5, 15.25], "texture": "#pourfendeuse_de_mort"},
				"east": {"uv": [13.75, 14.75, 13.25, 15], "texture": "#pourfendeuse_de_mort"},
				"south": {"uv": [12.5, 15, 14, 15.25], "texture": "#pourfendeuse_de_mort"},
				"west": {"uv": [13.75, 14.75, 14.25, 15], "texture": "#pourfendeuse_de_mort"},
				"up": {"uv": [8.5, 16, 10, 15.5], "texture": "#pourfendeuse_de_mort"},
				"down": {"uv": [7, 15.5, 8.5, 16], "texture": "#pourfendeuse_de_mort"}
			}
		},
		{
			"name": "Voxels",
			"from": [7.3846, 0.3077, 7.6923],
			"to": [8.61537, 2.15385, 8.30768],
			"faces": {
				"north": {"uv": [4, 11.5, 3, 13], "texture": "#pourfendeuse_de_mort"},
				"east": {"uv": [5, 9.5, 4.5, 11], "texture": "#pourfendeuse_de_mort"},
				"south": {"uv": [4, 11.5, 5, 13], "texture": "#pourfendeuse_de_mort"},
				"west": {"uv": [4.5, 8, 5, 9.5], "texture": "#pourfendeuse_de_mort"},
				"up": {"uv": [13.5, 16, 14.5, 15.5], "texture": "#pourfendeuse_de_mort"},
				"down": {"uv": [12.5, 15.5, 13.5, 16], "texture": "#pourfendeuse_de_mort"}
			}
		},
		{
			"name": "Voxels",
			"from": [7.3846, 2.7692, 7.6923],
			"to": [8.61537, 3.07689, 8.30768],
			"faces": {
				"north": {"uv": [8, 8.25, 7, 8.5], "texture": "#pourfendeuse_de_mort"},
				"east": {"uv": [12.75, 14.75, 12.25, 15], "texture": "#pourfendeuse_de_mort"},
				"south": {"uv": [7, 8, 8, 8.25], "texture": "#pourfendeuse_de_mort"},
				"west": {"uv": [12.75, 14.75, 13.25, 15], "texture": "#pourfendeuse_de_mort"},
				"down": {"uv": [14.5, 15.5, 15.5, 16], "texture": "#pourfendeuse_de_mort"}
			}
		},
		{
			"name": "Voxels",
			"from": [7.3846, 3.0769, 7.3846],
			"to": [7.69229, 3.38459, 7.69229],
			"faces": {
				"north": {"uv": [9.25, 9, 9, 9.25], "texture": "#pourfendeuse_de_mort"},
				"east": {"uv": [9, 9.5, 8.75, 9.75], "texture": "#pourfendeuse_de_mort"},
				"west": {"uv": [9, 9.25, 9.25, 9.5], "texture": "#pourfendeuse_de_mort"},
				"down": {"uv": [8.75, 9.25, 9, 9.5], "texture": "#pourfendeuse_de_mort"}
			}
		},
		{
			"name": "Voxels",
			"from": [7.3846, 3.0769, 8.3077],
			"to": [7.69229, 3.38459, 8.61539],
			"faces": {
				"east": {"uv": [9.25, 12, 9, 12.25], "texture": "#pourfendeuse_de_mort"},
				"south": {"uv": [8.75, 10, 9, 10.25], "texture": "#pourfendeuse_de_mort"},
				"west": {"uv": [9, 10.25, 9.25, 10.5], "texture": "#pourfendeuse_de_mort"},
				"down": {"uv": [15.75, 14.75, 16, 15], "texture": "#pourfendeuse_de_mort"}
			}
		},
		{
			"name": "Voxels",
			"from": [7.3846, 4, 7.3846],
			"to": [8.61537, 4.92308, 7.69229],
			"faces": {
				"north": {"uv": [7, 10.25, 6, 11], "texture": "#pourfendeuse_de_mort"},
				"east": {"uv": [8.25, 9.5, 8, 10.25], "texture": "#pourfendeuse_de_mort"},
				"south": {"uv": [7, 14.75, 8, 15.5], "texture": "#pourfendeuse_de_mort"},
				"west": {"uv": [8, 10.25, 8.25, 11], "texture": "#pourfendeuse_de_mort"},
				"up": {"uv": [15, 15.25, 16, 15], "texture": "#pourfendeuse_de_mort"}
			}
		},
		{
			"name": "Voxels",
			"from": [7.3846, 4, 8.3077],
			"to": [8.61537, 4.92308, 8.61539],
			"faces": {
				"north": {"uv": [6, 10.25, 5, 11], "texture": "#pourfendeuse_de_mort"},
				"east": {"uv": [8.25, 8, 8, 8.75], "texture": "#pourfendeuse_de_mort"},
				"south": {"uv": [7, 14, 8, 14.75], "texture": "#pourfendeuse_de_mort"},
				"west": {"uv": [8, 8.75, 8.25, 9.5], "texture": "#pourfendeuse_de_mort"},
				"up": {"uv": [9.25, 15, 10.25, 14.75], "texture": "#pourfendeuse_de_mort"}
			}
		},
		{
			"name": "Voxels",
			"from": [7.3846, 4.6154, 7.6923],
			"to": [8.61537, 5.53848, 8.30768],
			"faces": {
				"north": {"uv": [2, 8.5, 1, 9.25], "texture": "#pourfendeuse_de_mort"},
				"east": {"uv": [7, 8, 6.5, 8.75], "texture": "#pourfendeuse_de_mort"},
				"south": {"uv": [0, 8.5, 1, 9.25], "texture": "#pourfendeuse_de_mort"},
				"west": {"uv": [7, 8.5, 7.5, 9.25], "texture": "#pourfendeuse_de_mort"}
			}
		},
		{
			"name": "Voxels",
			"from": [7.3846, 5.8462, 7.6923],
			"to": [8.61537, 14.15389, 8.30768],
			"faces": {
				"north": {"uv": [2, 9.25, 1, 16], "texture": "#pourfendeuse_de_mort"},
				"east": {"uv": [2.5, 9.25, 2, 16], "texture": "#pourfendeuse_de_mort"},
				"south": {"uv": [0, 9.25, 1, 16], "texture": "#pourfendeuse_de_mort"},
				"west": {"uv": [2.5, 9.25, 3, 16], "texture": "#pourfendeuse_de_mort"},
				"up": {"uv": [0, 8.5, 1, 8], "texture": "#pourfendeuse_de_mort"}
			}
		},
		{
			"name": "Voxels",
			"from": [7.6923, 0, 7.6923],
			"to": [8.30768, 0.30769, 8.30768],
			"faces": {
				"north": {"uv": [8, 8.5, 7.5, 8.75], "texture": "#pourfendeuse_de_mort"},
				"east": {"uv": [11.25, 14.75, 10.75, 15], "texture": "#pourfendeuse_de_mort"},
				"south": {"uv": [15.5, 15.25, 16, 15.5], "texture": "#pourfendeuse_de_mort"},
				"west": {"uv": [10.25, 14.75, 10.75, 15], "texture": "#pourfendeuse_de_mort"},
				"down": {"uv": [15.5, 15.5, 16, 16], "texture": "#pourfendeuse_de_mort", "cullface": "down"}
			}
		},
		{
			"name": "Voxels",
			"from": [7.6923, 0.3077, 7.3846],
			"to": [8.30768, 2.46155, 7.69229],
			"faces": {
				"north": {"uv": [4.5, 9.25, 4, 11], "texture": "#pourfendeuse_de_mort"},
				"east": {"uv": [7.25, 9.25, 7, 11], "texture": "#pourfendeuse_de_mort"},
				"west": {"uv": [7.25, 9.25, 7.5, 11], "texture": "#pourfendeuse_de_mort"},
				"up": {"uv": [11.75, 15, 12.25, 14.75], "texture": "#pourfendeuse_de_mort"},
				"down": {"uv": [11.25, 14.75, 11.75, 15], "texture": "#pourfendeuse_de_mort"}
			}
		},
		{
			"name": "Voxels",
			"from": [7.6923, 0.3077, 8.3077],
			"to": [8.30768, 2.46155, 8.61539],
			"faces": {
				"north": {"uv": [3.5, 9.75, 3, 11.5], "texture": "#pourfendeuse_de_mort"},
				"east": {"uv": [7.75, 9.25, 7.5, 11], "texture": "#pourfendeuse_de_mort"},
				"south": {"uv": [3, 8, 3.5, 9.75], "texture": "#pourfendeuse_de_mort"},
				"west": {"uv": [7.75, 9.25, 8, 11], "texture": "#pourfendeuse_de_mort"},
				"up": {"uv": [14.75, 15, 15.25, 14.75], "texture": "#pourfendeuse_de_mort"},
				"down": {"uv": [14.25, 14.75, 14.75, 15], "texture": "#pourfendeuse_de_mort"}
			}
		},
		{
			"name": "Voxels",
			"from": [7.6923, 2.1538, 7.6923],
			"to": [8.30768, 2.76919, 8.30768],
			"faces": {
				"north": {"uv": [8.75, 13.25, 8.25, 13.75], "texture": "#pourfendeuse_de_mort"},
				"east": {"uv": [8.75, 11.75, 8.25, 12.25], "texture": "#pourfendeuse_de_mort"},
				"south": {"uv": [8.25, 12.75, 8.75, 13.25], "texture": "#pourfendeuse_de_mort"},
				"west": {"uv": [8.25, 12.25, 8.75, 12.75], "texture": "#pourfendeuse_de_mort"}
			}
		},
		{
			"name": "Voxels",
			"from": [7.6923, 4.9231, 7.3846],
			"to": [8.30768, 6.15387, 7.69229],
			"faces": {
				"north": {"uv": [2.5, 8.25, 2, 9.25], "texture": "#pourfendeuse_de_mort"},
				"east": {"uv": [8.25, 13, 8, 14], "texture": "#pourfendeuse_de_mort"},
				"south": {"uv": [7.5, 11.5, 8, 12.5], "texture": "#pourfendeuse_de_mort"},
				"west": {"uv": [8, 14, 8.25, 15], "texture": "#pourfendeuse_de_mort"},
				"up": {"uv": [8.25, 9.5, 8.75, 9.25], "texture": "#pourfendeuse_de_mort"}
			}
		},
		{
			"name": "Voxels",
			"from": [7.6923, 4.9231, 8.3077],
			"to": [8.30768, 6.15387, 8.61539],
			"faces": {
				"north": {"uv": [7.5, 12.5, 7, 13.5], "texture": "#pourfendeuse_de_mort"},
				"east": {"uv": [8.25, 11, 8, 12], "texture": "#pourfendeuse_de_mort"},
				"south": {"uv": [7, 11.5, 7.5, 12.5], "texture": "#pourfendeuse_de_mort"},
				"west": {"uv": [8, 12, 8.25, 13], "texture": "#pourfendeuse_de_mort"},
				"up": {"uv": [8.25, 8.5, 8.75, 8.25], "texture": "#pourfendeuse_de_mort"}
			}
		},
		{
			"name": "Voxels",
			"from": [7.6923, 14.1538, 7.6923],
			"to": [8.30768, 15.38457, 8.30768],
			"faces": {
				"north": {"uv": [8, 12.5, 7.5, 13.5], "texture": "#pourfendeuse_de_mort"},
				"east": {"uv": [3, 8.25, 2.5, 9.25], "texture": "#pourfendeuse_de_mort"},
				"south": {"uv": [4, 8.25, 4.5, 9.25], "texture": "#pourfendeuse_de_mort"},
				"west": {"uv": [3.5, 8.25, 4, 9.25], "texture": "#pourfendeuse_de_mort"},
				"up": {"uv": [6.5, 10.25, 7, 9.75], "texture": "#pourfendeuse_de_mort"}
			}
		},
		{
			"name": "Voxels",
			"from": [8.3077, 3.0769, 7.3846],
			"to": [8.61539, 3.38459, 7.69229],
			"faces": {
				"north": {"uv": [9, 8.75, 8.75, 9], "texture": "#pourfendeuse_de_mort"},
				"east": {"uv": [9, 11, 8.75, 11.25], "texture": "#pourfendeuse_de_mort"},
				"west": {"uv": [9, 11.25, 9.25, 11.5], "texture": "#pourfendeuse_de_mort"},
				"down": {"uv": [9, 11.75, 9.25, 12], "texture": "#pourfendeuse_de_mort"}
			}
		},
		{
			"name": "Voxels",
			"from": [8.3077, 3.0769, 8.3077],
			"to": [8.61539, 3.38459, 8.61539],
			"faces": {
				"east": {"uv": [9, 10.25, 8.75, 10.5], "texture": "#pourfendeuse_de_mort"},
				"south": {"uv": [8.75, 10.5, 9, 10.75], "texture": "#pourfendeuse_de_mort"},
				"west": {"uv": [9, 10.5, 9.25, 10.75], "texture": "#pourfendeuse_de_mort"},
				"down": {"uv": [9, 11, 9.25, 11.25], "texture": "#pourfendeuse_de_mort"}
			}
		},
		{
			"name": "Voxels",
			"from": [9.5385, 3.0769, 7.6923],
			"to": [9.84619, 3.38459, 8.30768],
			"faces": {
				"north": {"uv": [9.25, 10, 9, 10.25], "texture": "#pourfendeuse_de_mort"},
				"east": {"uv": [9.25, 13, 8.75, 13.25], "texture": "#pourfendeuse_de_mort"},
				"south": {"uv": [8.75, 9.75, 9, 10], "texture": "#pourfendeuse_de_mort"},
				"west": {"uv": [8.75, 13.25, 9.25, 13.5], "texture": "#pourfendeuse_de_mort"},
				"down": {"uv": [8.75, 13.5, 9, 14], "texture": "#pourfendeuse_de_mort"}
			}
		},
		{
			"name": "Voxels",
			"from": [9.8462, 4.3077, 7.6923],
			"to": [10.46159, 4.61539, 8.30768],
			"faces": {
				"north": {"uv": [9.25, 12.75, 8.75, 13], "texture": "#pourfendeuse_de_mort"},
				"east": {"uv": [9.25, 14, 8.75, 14.25], "texture": "#pourfendeuse_de_mort"},
				"south": {"uv": [8.75, 12.5, 9.25, 12.75], "texture": "#pourfendeuse_de_mort"},
				"west": {"uv": [8.75, 12.25, 9.25, 12.5], "texture": "#pourfendeuse_de_mort"},
				"up": {"uv": [6.5, 9.25, 7, 8.75], "texture": "#pourfendeuse_de_mort"}
			}
		}
	],
	"display": {
		"thirdperson_righthand": {
			"rotation": [0, 90, 0],
			"translation": [0, 7.5, 1.75],
			"scale": [1.5, 1.5, 1.5]
		},
		"thirdperson_lefthand": {
			"rotation": [0, 90, 0],
			"translation": [0, 7.5, 1.75],
			"scale": [1.5, 1.5, 1.5]
		},
		"firstperson_righthand": {
			"rotation": [-25, 90, 0],
			"translation": [2, 1, 0],
			"scale": [0.68, 0.68, 0.68]
		},
		"firstperson_lefthand": {
			"rotation": [-25, 90, 0],
			"translation": [2, 1, 0],
			"scale": [0.68, 0.68, 0.68]
		},
		"ground": {
			"rotation": [0, 0, 45],
			"translation": [0, 4.5, 0]
		},
		"gui": {
			"rotation": [0, 0, -45]
		},
		"fixed": {
			"rotation": [0, 0, -45],
			"translation": [0, 0, -0.25]
		}
	}
}