{
	"credit": "Made with Blockbench",
	"textures": {
		"0": "custom/item/arcs/corde_bleue_0",
		"particle": "custom/item/arcs/corde_bleue_0"
	},
	"elements": [
		{
			"name": "voxel",
			"from": [7.75, 2.5, 7],
			"to": [8, 2.75, 7.5],
			"faces": {
				"north": {"uv": [0.25, 0.25, 0.75, 0.75], "texture": "#0"},
				"east": {"uv": [0.25, 0.25, 0.75, 0.75], "texture": "#0"},
				"west": {"uv": [0.25, 0.25, 0.75, 0.75], "texture": "#0"},
				"down": {"uv": [0.25, 0.25, 0.75, 0.75], "texture": "#0"}
			}
		},
		{
			"name": "voxel",
			"from": [7.75, 13.25, 7],
			"to": [8, 13.5, 7.5],
			"faces": {
				"north": {"uv": [1.25, 0.25, 1.75, 0.75], "texture": "#0"},
				"east": {"uv": [1.25, 0.25, 1.75, 0.75], "texture": "#0"},
				"west": {"uv": [1.25, 0.25, 1.75, 0.75], "texture": "#0"},
				"up": {"uv": [1.25, 0.25, 1.75, 0.75], "texture": "#0"}
			}
		},
		{
			"name": "voxel",
			"from": [7.75, 0, 9.25],
			"to": [8, 0.5, 9.5],
			"faces": {
				"north": {"uv": [2.25, 0.25, 2.75, 0.75], "texture": "#0"},
				"east": {"uv": [2.25, 0.25, 2.75, 0.75], "texture": "#0"},
				"west": {"uv": [2.25, 0.25, 2.75, 0.75], "texture": "#0"},
				"up": {"uv": [2.25, 0.25, 2.75, 0.75], "texture": "#0"},
				"down": {"uv": [2.25, 0.25, 2.75, 0.75], "texture": "#0"}
			}
		},
		{
			"name": "voxel",
			"from": [7.75, 15.5, 9.25],
			"to": [8, 15.75, 9.5],
			"faces": {
				"north": {"uv": [2.25, 0.25, 2.75, 0.75], "texture": "#0"},
				"east": {"uv": [2.25, 0.25, 2.75, 0.75], "texture": "#0"},
				"west": {"uv": [2.25, 0.25, 2.75, 0.75], "texture": "#0"},
				"down": {"uv": [2.25, 0.25, 2.75, 0.75], "texture": "#0"}
			}
		},
		{
			"name": "voxel",
			"from": [7.5, 9.25, 6.5],
			"to": [8.25, 9.75, 6.75],
			"faces": {
				"east": {"uv": [2.25, 0.25, 2.75, 0.75], "texture": "#0"},
				"south": {"uv": [2.25, 0.25, 2.75, 0.75], "texture": "#0"},
				"west": {"uv": [2.25, 0.25, 2.75, 0.75], "texture": "#0"},
				"up": {"uv": [2.25, 0.25, 2.75, 0.75], "texture": "#0"},
				"down": {"uv": [2.25, 0.25, 2.75, 0.75], "texture": "#0"}
			}
		},
		{
			"name": "voxel",
			"from": [7.75, 6.25, 6.5],
			"to": [8.25, 6.75, 6.75],
			"faces": {
				"east": {"uv": [2.25, 0.25, 2.75, 0.75], "texture": "#0"},
				"south": {"uv": [2.25, 0.25, 2.75, 0.75], "texture": "#0"},
				"up": {"uv": [2.25, 0.25, 2.75, 0.75], "texture": "#0"},
				"down": {"uv": [2.25, 0.25, 2.75, 0.75], "texture": "#0"}
			}
		},
		{
			"name": "voxel",
			"from": [8.25, 10.75, 6],
			"to": [8.5, 11.75, 6.25],
			"faces": {
				"north": {"uv": [2.25, 0.25, 2.75, 0.75], "texture": "#0"},
				"east": {"uv": [2.25, 0.25, 2.75, 0.75], "texture": "#0"},
				"south": {"uv": [2.25, 0.25, 2.75, 0.75], "texture": "#0"},
				"up": {"uv": [2.25, 0.25, 2.75, 0.75], "texture": "#0"},
				"down": {"uv": [2.25, 0.25, 2.75, 0.75], "texture": "#0"}
			}
		},
		{
			"name": "voxel",
			"from": [8.25, 4.25, 6],
			"to": [8.5, 5.25, 6.25],
			"faces": {
				"north": {"uv": [2.25, 0.25, 2.75, 0.75], "texture": "#0"},
				"east": {"uv": [2.25, 0.25, 2.75, 0.75], "texture": "#0"},
				"south": {"uv": [2.25, 0.25, 2.75, 0.75], "texture": "#0"},
				"up": {"uv": [2.25, 0.25, 2.75, 0.75], "texture": "#0"},
				"down": {"uv": [2.25, 0.25, 2.75, 0.75], "texture": "#0"}
			}
		},
		{
			"name": "voxel",
			"from": [8, 11.75, 6.5],
			"to": [8.25, 12.5, 6.75],
			"faces": {
				"east": {"uv": [2.25, 0.25, 2.75, 0.75], "texture": "#0"},
				"south": {"uv": [2.25, 0.25, 2.75, 0.75], "texture": "#0"},
				"down": {"uv": [2.25, 0.25, 2.75, 0.75], "texture": "#0"}
			}
		},
		{
			"name": "voxel",
			"from": [7.75, 4, 6.5],
			"to": [8.25, 4.25, 6.75],
			"faces": {
				"east": {"uv": [2.25, 0.25, 2.75, 0.75], "texture": "#0"},
				"south": {"uv": [2.25, 0.25, 2.75, 0.75], "texture": "#0"},
				"up": {"uv": [2.25, 0.25, 2.75, 0.75], "texture": "#0"}
			}
		},
		{
			"name": "voxel",
			"from": [7.75, 10, 6.25],
			"to": [8, 11.5, 6.5],
			"faces": {
				"east": {"uv": [0.25, 0.25, 0.75, 0.75], "texture": "#0"},
				"south": {"uv": [0.25, 0.25, 0.75, 0.75], "texture": "#0"},
				"west": {"uv": [0.25, 0.25, 0.75, 0.75], "texture": "#0"}
			}
		},
		{
			"name": "voxel",
			"from": [7.75, 4.5, 6.25],
			"to": [8, 6, 6.5],
			"faces": {
				"east": {"uv": [0.25, 0.25, 0.75, 0.75], "texture": "#0"},
				"south": {"uv": [0.25, 0.25, 0.75, 0.75], "texture": "#0"},
				"west": {"uv": [0.25, 0.25, 0.75, 0.75], "texture": "#0"}
			}
		},
		{
			"name": "voxel",
			"from": [8, 13, 7.5],
			"to": [8.25, 13.25, 8],
			"faces": {
				"east": {"uv": [2.25, 0.25, 2.75, 0.75], "texture": "#0"},
				"south": {"uv": [2.25, 0.25, 2.75, 0.75], "texture": "#0"},
				"down": {"uv": [2.25, 0.25, 2.75, 0.75], "texture": "#0"}
			}
		},
		{
			"name": "voxel",
			"from": [7.75, 2.75, 7.75],
			"to": [8.25, 3, 8],
			"faces": {
				"east": {"uv": [1.25, 0.25, 1.75, 0.75], "texture": "#0"},
				"south": {"uv": [1.25, 0.25, 1.75, 0.75], "texture": "#0"},
				"up": {"uv": [1.25, 0.25, 1.75, 0.75], "texture": "#0"}
			}
		},
		{
			"name": "voxel",
			"from": [7.75, 13, 6.75],
			"to": [8, 13.25, 7],
			"faces": {
				"north": {"uv": [1.25, 0.25, 1.75, 0.75], "texture": "#0"},
				"east": {"uv": [1.25, 0.25, 1.75, 0.75], "texture": "#0"},
				"west": {"uv": [1.25, 0.25, 1.75, 0.75], "texture": "#0"},
				"up": {"uv": [1.25, 0.25, 1.75, 0.75], "texture": "#0"}
			}
		},
		{
			"name": "voxel",
			"from": [7.75, 2.75, 6.75],
			"to": [8, 3, 7],
			"faces": {
				"north": {"uv": [2.25, 0.25, 2.75, 0.75], "texture": "#0"},
				"east": {"uv": [2.25, 0.25, 2.75, 0.75], "texture": "#0"},
				"west": {"uv": [2.25, 0.25, 2.75, 0.75], "texture": "#0"},
				"down": {"uv": [2.25, 0.25, 2.75, 0.75], "texture": "#0"}
			}
		},
		{
			"name": "voxel",
			"from": [7.75, 4.5, 5.5],
			"to": [8, 5, 5.75],
			"faces": {
				"north": {"uv": [2.25, 0.25, 2.75, 0.75], "texture": "#0"},
				"east": {"uv": [2.25, 0.25, 2.75, 0.75], "texture": "#0"},
				"west": {"uv": [2.25, 0.25, 2.75, 0.75], "texture": "#0"},
				"down": {"uv": [2.25, 0.25, 2.75, 0.75], "texture": "#0"}
			}
		},
		{
			"name": "voxel",
			"from": [7.75, 11.25, 5.5],
			"to": [8, 11.5, 5.75],
			"faces": {
				"north": {"uv": [2.25, 0.25, 2.75, 0.75], "texture": "#0"},
				"east": {"uv": [2.25, 0.25, 2.75, 0.75], "texture": "#0"},
				"west": {"uv": [2.25, 0.25, 2.75, 0.75], "texture": "#0"},
				"up": {"uv": [2.25, 0.25, 2.75, 0.75], "texture": "#0"}
			}
		},
		{
			"name": "voxel",
			"from": [7.25, 9.5, 5.75],
			"to": [7.5, 10, 6.5],
			"faces": {
				"north": {"uv": [2.25, 0.25, 2.75, 0.75], "texture": "#0"},
				"south": {"uv": [2.25, 0.25, 2.75, 0.75], "texture": "#0"},
				"west": {"uv": [2.25, 0.25, 2.75, 0.75], "texture": "#0"},
				"up": {"uv": [2.25, 0.25, 2.75, 0.75], "texture": "#0"},
				"down": {"uv": [2.25, 0.25, 2.75, 0.75], "texture": "#0"}
			}
		},
		{
			"name": "voxel",
			"from": [7.25, 6, 5.75],
			"to": [7.5, 6.5, 6.25],
			"faces": {
				"north": {"uv": [2.25, 0.25, 2.75, 0.75], "texture": "#0"},
				"west": {"uv": [2.25, 0.25, 2.75, 0.75], "texture": "#0"}
			}
		},
		{
			"name": "voxel",
			"from": [7.75, 4, 5.75],
			"to": [8, 4.5, 6],
			"faces": {
				"north": {"uv": [2.25, 0.25, 2.75, 0.75], "texture": "#0"},
				"east": {"uv": [2.25, 0.25, 2.75, 0.75], "texture": "#0"},
				"west": {"uv": [2.25, 0.25, 2.75, 0.75], "texture": "#0"},
				"down": {"uv": [2.25, 0.25, 2.75, 0.75], "texture": "#0"}
			}
		},
		{
			"name": "voxel",
			"from": [7.75, 11.5, 5.75],
			"to": [8, 12, 6],
			"faces": {
				"north": {"uv": [2.25, 0.25, 2.75, 0.75], "texture": "#0"},
				"east": {"uv": [2.25, 0.25, 2.75, 0.75], "texture": "#0"},
				"west": {"uv": [2.25, 0.25, 2.75, 0.75], "texture": "#0"},
				"up": {"uv": [2.25, 0.25, 2.75, 0.75], "texture": "#0"}
			}
		},
		{
			"name": "voxel",
			"from": [7.75, 2.75, 7.25],
			"to": [8, 3, 7.5],
			"faces": {
				"up": {"uv": [0.25, 0.25, 0.75, 0.75], "texture": "#0"}
			}
		},
		{
			"name": "voxel",
			"from": [7.75, 13, 7.25],
			"to": [8, 13.25, 8.25],
			"faces": {
				"east": {"uv": [0.25, 0.25, 0.75, 0.75], "texture": "#0"},
				"south": {"uv": [0.25, 0.25, 0.75, 0.75], "texture": "#0"},
				"west": {"uv": [0.25, 0.25, 0.75, 0.75], "texture": "#0"},
				"down": {"uv": [0.25, 0.25, 0.75, 0.75], "texture": "#0"}
			}
		},
		{
			"name": "voxel",
			"from": [7.25, 9.75, 5.5],
			"to": [7.5, 10.75, 5.75],
			"faces": {
				"north": {"uv": [2.25, 0.25, 2.75, 0.75], "texture": "#0"},
				"west": {"uv": [2.25, 0.25, 2.75, 0.75], "texture": "#0"},
				"up": {"uv": [2.25, 0.25, 2.75, 0.75], "texture": "#0"},
				"down": {"uv": [2.25, 0.25, 2.75, 0.75], "texture": "#0"}
			}
		},
		{
			"name": "voxel",
			"from": [7.25, 5.25, 5.5],
			"to": [7.5, 6.25, 5.75],
			"faces": {
				"north": {"uv": [2.25, 0.25, 2.75, 0.75], "texture": "#0"},
				"west": {"uv": [2.25, 0.25, 2.75, 0.75], "texture": "#0"},
				"up": {"uv": [2.25, 0.25, 2.75, 0.75], "texture": "#0"},
				"down": {"uv": [2.25, 0.25, 2.75, 0.75], "texture": "#0"}
			}
		},
		{
			"name": "voxel",
			"from": [7.25, 10, 5.75],
			"to": [7.5, 10.5, 6.25],
			"faces": {
				"south": {"uv": [2.25, 0.25, 2.75, 0.75], "texture": "#0"},
				"west": {"uv": [2.25, 0.25, 2.75, 0.75], "texture": "#0"},
				"up": {"uv": [2.25, 0.25, 2.75, 0.75], "texture": "#0"}
			}
		},
		{
			"name": "voxel",
			"from": [7.25, 5.5, 6],
			"to": [7.75, 5.75, 6.25],
			"faces": {
				"south": {"uv": [0.25, 0.25, 0.75, 0.75], "texture": "#0"},
				"west": {"uv": [0.25, 0.25, 0.75, 0.75], "texture": "#0"},
				"down": {"uv": [0.25, 0.25, 0.75, 0.75], "texture": "#0"}
			}
		},
		{
			"name": "voxel",
			"from": [7.5, 13, 7.5],
			"to": [7.75, 13.5, 8],
			"faces": {
				"north": {"uv": [2.25, 0.25, 2.75, 0.75], "texture": "#0"},
				"south": {"uv": [2.25, 0.25, 2.75, 0.75], "texture": "#0"},
				"west": {"uv": [2.25, 0.25, 2.75, 0.75], "texture": "#0"},
				"up": {"uv": [2.25, 0.25, 2.75, 0.75], "texture": "#0"},
				"down": {"uv": [2.25, 0.25, 2.75, 0.75], "texture": "#0"}
			}
		},
		{
			"name": "voxel",
			"from": [7.5, 2.75, 7.25],
			"to": [7.75, 3, 8],
			"faces": {
				"south": {"uv": [2.25, 0.25, 2.75, 0.75], "texture": "#0"},
				"west": {"uv": [2.25, 0.25, 2.75, 0.75], "texture": "#0"},
				"up": {"uv": [2.25, 0.25, 2.75, 0.75], "texture": "#0"},
				"down": {"uv": [2.25, 0.25, 2.75, 0.75], "texture": "#0"}
			}
		},
		{
			"name": "voxel",
			"from": [7.25, 10.5, 5.75],
			"to": [7.5, 11.25, 6],
			"faces": {
				"north": {"uv": [2.25, 0.25, 2.75, 0.75], "texture": "#0"},
				"south": {"uv": [2.25, 0.25, 2.75, 0.75], "texture": "#0"},
				"west": {"uv": [2.25, 0.25, 2.75, 0.75], "texture": "#0"},
				"up": {"uv": [2.25, 0.25, 2.75, 0.75], "texture": "#0"}
			}
		},
		{
			"name": "voxel",
			"from": [7.25, 4.75, 5.75],
			"to": [7.5, 6, 6],
			"faces": {
				"north": {"uv": [2.25, 0.25, 2.75, 0.75], "texture": "#0"},
				"south": {"uv": [2.25, 0.25, 2.75, 0.75], "texture": "#0"},
				"west": {"uv": [2.25, 0.25, 2.75, 0.75], "texture": "#0"},
				"down": {"uv": [2.25, 0.25, 2.75, 0.75], "texture": "#0"}
			}
		},
		{
			"name": "voxel",
			"from": [7.25, 5.75, 6],
			"to": [7.5, 6, 6.25],
			"faces": {
				"south": {"uv": [0.25, 0.25, 0.75, 0.75], "texture": "#0"},
				"west": {"uv": [0.25, 0.25, 0.75, 0.75], "texture": "#0"}
			}
		},
		{
			"name": "voxel",
			"from": [7.75, 3.75, 6],
			"to": [8.25, 4, 6.25],
			"faces": {
				"north": {"uv": [2.25, 0.25, 2.75, 0.75], "texture": "#0"},
				"east": {"uv": [2.25, 0.25, 2.75, 0.75], "texture": "#0"},
				"down": {"uv": [2.25, 0.25, 2.75, 0.75], "texture": "#0"}
			}
		},
		{
			"name": "voxel",
			"from": [7.5, 12, 6],
			"to": [8.25, 12.25, 6.25],
			"faces": {
				"north": {"uv": [2.25, 0.25, 2.75, 0.75], "texture": "#0"},
				"east": {"uv": [2.25, 0.25, 2.75, 0.75], "texture": "#0"},
				"west": {"uv": [2.25, 0.25, 2.75, 0.75], "texture": "#0"},
				"up": {"uv": [2.25, 0.25, 2.75, 0.75], "texture": "#0"}
			}
		},
		{
			"name": "voxel",
			"from": [7.75, 5, 5.5],
			"to": [8.25, 5.25, 5.75],
			"faces": {
				"north": {"uv": [1.25, 0.25, 1.75, 0.75], "texture": "#0"},
				"east": {"uv": [1.25, 0.25, 1.75, 0.75], "texture": "#0"}
			}
		},
		{
			"name": "voxel",
			"from": [7.75, 10.75, 5.5],
			"to": [8.25, 11.25, 5.75],
			"faces": {
				"north": {"uv": [1.25, 0.25, 1.75, 0.75], "texture": "#0"},
				"east": {"uv": [1.25, 0.25, 1.75, 0.75], "texture": "#0"},
				"up": {"uv": [1.25, 0.25, 1.75, 0.75], "texture": "#0"}
			}
		},
		{
			"name": "voxel",
			"from": [7.5, 15, 9.5],
			"to": [7.75, 15.75, 9.75],
			"faces": {
				"north": {"uv": [2.25, 0.25, 2.75, 0.75], "texture": "#0"},
				"south": {"uv": [2.25, 0.25, 2.75, 0.75], "texture": "#0"},
				"west": {"uv": [2.25, 0.25, 2.75, 0.75], "texture": "#0"},
				"up": {"uv": [2.25, 0.25, 2.75, 0.75], "texture": "#0"},
				"down": {"uv": [2.25, 0.25, 2.75, 0.75], "texture": "#0"}
			}
		},
		{
			"name": "voxel",
			"from": [7.5, 0.25, 9.5],
			"to": [7.75, 1, 9.75],
			"faces": {
				"north": {"uv": [2.25, 0.25, 2.75, 0.75], "texture": "#0"},
				"south": {"uv": [2.25, 0.25, 2.75, 0.75], "texture": "#0"},
				"west": {"uv": [2.25, 0.25, 2.75, 0.75], "texture": "#0"},
				"up": {"uv": [2.25, 0.25, 2.75, 0.75], "texture": "#0"},
				"down": {"uv": [2.25, 0.25, 2.75, 0.75], "texture": "#0"}
			}
		},
		{
			"name": "voxel",
			"from": [7.5, 6.25, 5.5],
			"to": [8, 6.5, 5.75],
			"faces": {
				"north": {"uv": [4.25, 0.25, 4.75, 0.75], "texture": "#0"},
				"west": {"uv": [4.25, 0.25, 4.75, 0.75], "texture": "#0"}
			}
		},
		{
			"name": "voxel",
			"from": [7.5, 9.5, 5.5],
			"to": [8, 9.75, 5.75],
			"faces": {
				"north": {"uv": [5.25, 0.25, 5.75, 0.75], "texture": "#0"},
				"west": {"uv": [5.25, 0.25, 5.75, 0.75], "texture": "#0"}
			}
		},
		{
			"name": "voxel",
			"from": [7.75, 6.5, 5.5],
			"to": [8, 6.75, 5.75],
			"faces": {
				"north": {"uv": [4.25, 0.25, 4.75, 0.75], "texture": "#0"}
			}
		},
		{
			"name": "voxel",
			"from": [7.75, 9.25, 5.5],
			"to": [8, 9.5, 5.75],
			"faces": {
				"north": {"uv": [4.25, 0.25, 4.75, 0.75], "texture": "#0"}
			}
		},
		{
			"name": "voxel",
			"from": [7.5, 14.5, 9.25],
			"to": [7.75, 15, 9.5],
			"faces": {
				"north": {"uv": [0.25, 0.25, 0.75, 0.75], "texture": "#0"},
				"south": {"uv": [0.25, 0.25, 0.75, 0.75], "texture": "#0"},
				"west": {"uv": [0.25, 0.25, 0.75, 0.75], "texture": "#0"},
				"up": {"uv": [0.25, 0.25, 0.75, 0.75], "texture": "#0"},
				"down": {"uv": [0.25, 0.25, 0.75, 0.75], "texture": "#0"}
			}
		},
		{
			"name": "voxel",
			"from": [7.5, 1, 9.25],
			"to": [8.25, 1.5, 9.5],
			"faces": {
				"north": {"uv": [2.25, 0.25, 2.75, 0.75], "texture": "#0"},
				"east": {"uv": [2.25, 0.25, 2.75, 0.75], "texture": "#0"},
				"south": {"uv": [2.25, 0.25, 2.75, 0.75], "texture": "#0"},
				"west": {"uv": [2.25, 0.25, 2.75, 0.75], "texture": "#0"},
				"up": {"uv": [2.25, 0.25, 2.75, 0.75], "texture": "#0"},
				"down": {"uv": [2.25, 0.25, 2.75, 0.75], "texture": "#0"}
			}
		},
		{
			"name": "voxel",
			"from": [7.5, 14.25, 9],
			"to": [8, 14.5, 9.25],
			"faces": {
				"north": {"uv": [0.25, 0.25, 0.75, 0.75], "texture": "#0"},
				"south": {"uv": [0.25, 0.25, 0.75, 0.75], "texture": "#0"},
				"west": {"uv": [0.25, 0.25, 0.75, 0.75], "texture": "#0"},
				"up": {"uv": [0.25, 0.25, 0.75, 0.75], "texture": "#0"},
				"down": {"uv": [0.25, 0.25, 0.75, 0.75], "texture": "#0"}
			}
		},
		{
			"name": "voxel",
			"from": [7.5, 1.5, 9],
			"to": [8.25, 1.75, 9.25],
			"faces": {
				"north": {"uv": [2.25, 0.25, 2.75, 0.75], "texture": "#0"},
				"east": {"uv": [2.25, 0.25, 2.75, 0.75], "texture": "#0"},
				"south": {"uv": [2.25, 0.25, 2.75, 0.75], "texture": "#0"},
				"west": {"uv": [2.25, 0.25, 2.75, 0.75], "texture": "#0"},
				"up": {"uv": [2.25, 0.25, 2.75, 0.75], "texture": "#0"},
				"down": {"uv": [2.25, 0.25, 2.75, 0.75], "texture": "#0"}
			}
		},
		{
			"name": "voxel",
			"from": [7.5, 14, 8.75],
			"to": [8, 14.25, 9],
			"faces": {
				"south": {"uv": [0.25, 0.25, 0.75, 0.75], "texture": "#0"},
				"west": {"uv": [0.25, 0.25, 0.75, 0.75], "texture": "#0"},
				"up": {"uv": [0.25, 0.25, 0.75, 0.75], "texture": "#0"},
				"down": {"uv": [0.25, 0.25, 0.75, 0.75], "texture": "#0"}
			}
		},
		{
			"name": "voxel",
			"from": [7.5, 1.75, 8.75],
			"to": [8.25, 2, 9],
			"faces": {
				"east": {"uv": [2.25, 0.25, 2.75, 0.75], "texture": "#0"},
				"south": {"uv": [2.25, 0.25, 2.75, 0.75], "texture": "#0"},
				"west": {"uv": [2.25, 0.25, 2.75, 0.75], "texture": "#0"},
				"up": {"uv": [2.25, 0.25, 2.75, 0.75], "texture": "#0"},
				"down": {"uv": [2.25, 0.25, 2.75, 0.75], "texture": "#0"}
			}
		},
		{
			"name": "voxel",
			"from": [7.5, 14, 8.5],
			"to": [8.25, 14.25, 8.75],
			"faces": {
				"north": {"uv": [2.25, 0.25, 2.75, 0.75], "texture": "#0"},
				"east": {"uv": [2.25, 0.25, 2.75, 0.75], "texture": "#0"},
				"west": {"uv": [2.25, 0.25, 2.75, 0.75], "texture": "#0"},
				"up": {"uv": [2.25, 0.25, 2.75, 0.75], "texture": "#0"}
			}
		},
		{
			"name": "voxel",
			"from": [7.5, 1.75, 8.5],
			"to": [8, 2, 8.75],
			"faces": {
				"north": {"uv": [0.25, 0.25, 0.75, 0.75], "texture": "#0"},
				"west": {"uv": [0.25, 0.25, 0.75, 0.75], "texture": "#0"},
				"down": {"uv": [0.25, 0.25, 0.75, 0.75], "texture": "#0"}
			}
		},
		{
			"name": "voxel",
			"from": [7.5, 13.75, 8.5],
			"to": [7.75, 14, 8.75],
			"faces": {
				"south": {"uv": [0.25, 0.25, 0.75, 0.75], "texture": "#0"},
				"west": {"uv": [0.25, 0.25, 0.75, 0.75], "texture": "#0"},
				"down": {"uv": [0.25, 0.25, 0.75, 0.75], "texture": "#0"}
			}
		},
		{
			"name": "voxel",
			"from": [7.5, 2, 8.5],
			"to": [7.75, 2.25, 8.75],
			"faces": {
				"south": {"uv": [2.25, 0.25, 2.75, 0.75], "texture": "#0"},
				"west": {"uv": [2.25, 0.25, 2.75, 0.75], "texture": "#0"},
				"up": {"uv": [2.25, 0.25, 2.75, 0.75], "texture": "#0"}
			}
		},
		{
			"name": "voxel",
			"from": [7.5, 13.75, 8.25],
			"to": [8, 14, 8.5],
			"faces": {
				"west": {"uv": [2.25, 0.25, 2.75, 0.75], "texture": "#0"},
				"up": {"uv": [2.25, 0.25, 2.75, 0.75], "texture": "#0"}
			}
		},
		{
			"name": "voxel",
			"from": [7.5, 2, 8],
			"to": [8, 2.25, 8.5],
			"faces": {
				"north": {"uv": [0.25, 0.25, 0.75, 0.75], "texture": "#0"},
				"west": {"uv": [0.25, 0.25, 0.75, 0.75], "texture": "#0"},
				"down": {"uv": [0.25, 0.25, 0.75, 0.75], "texture": "#0"}
			}
		},
		{
			"name": "voxel",
			"from": [7.75, 3, 6.5],
			"to": [8, 3.25, 6.75],
			"faces": {
				"north": {"uv": [2.25, 0.25, 2.75, 0.75], "texture": "#0"},
				"east": {"uv": [2.25, 0.25, 2.75, 0.75], "texture": "#0"},
				"west": {"uv": [2.25, 0.25, 2.75, 0.75], "texture": "#0"},
				"down": {"uv": [2.25, 0.25, 2.75, 0.75], "texture": "#0"}
			}
		},
		{
			"name": "voxel",
			"from": [7.75, 12.75, 6.5],
			"to": [8, 13, 6.75],
			"faces": {
				"north": {"uv": [1.25, 0.25, 1.75, 0.75], "texture": "#0"},
				"east": {"uv": [1.25, 0.25, 1.75, 0.75], "texture": "#0"},
				"west": {"uv": [1.25, 0.25, 1.75, 0.75], "texture": "#0"},
				"up": {"uv": [1.25, 0.25, 1.75, 0.75], "texture": "#0"}
			}
		},
		{
			"name": "voxel",
			"from": [7.75, 3.25, 6.25],
			"to": [8, 3.5, 6.5],
			"faces": {
				"north": {"uv": [2.25, 0.25, 2.75, 0.75], "texture": "#0"},
				"east": {"uv": [2.25, 0.25, 2.75, 0.75], "texture": "#0"},
				"west": {"uv": [2.25, 0.25, 2.75, 0.75], "texture": "#0"},
				"down": {"uv": [2.25, 0.25, 2.75, 0.75], "texture": "#0"}
			}
		},
		{
			"name": "voxel",
			"from": [7.75, 12.5, 6.25],
			"to": [8, 12.75, 6.5],
			"faces": {
				"north": {"uv": [1.25, 0.25, 1.75, 0.75], "texture": "#0"},
				"east": {"uv": [1.25, 0.25, 1.75, 0.75], "texture": "#0"},
				"west": {"uv": [1.25, 0.25, 1.75, 0.75], "texture": "#0"},
				"up": {"uv": [1.25, 0.25, 1.75, 0.75], "texture": "#0"}
			}
		},
		{
			"name": "voxel",
			"from": [7.5, 13.5, 7.75],
			"to": [7.75, 13.75, 8.5],
			"faces": {
				"north": {"uv": [2.25, 0.25, 2.75, 0.75], "texture": "#0"},
				"south": {"uv": [2.25, 0.25, 2.75, 0.75], "texture": "#0"},
				"west": {"uv": [2.25, 0.25, 2.75, 0.75], "texture": "#0"},
				"up": {"uv": [2.25, 0.25, 2.75, 0.75], "texture": "#0"},
				"down": {"uv": [2.25, 0.25, 2.75, 0.75], "texture": "#0"}
			}
		},
		{
			"name": "voxel",
			"from": [7.5, 2.25, 8],
			"to": [7.75, 2.5, 8.5],
			"faces": {
				"south": {"uv": [2.25, 0.25, 2.75, 0.75], "texture": "#0"},
				"west": {"uv": [2.25, 0.25, 2.75, 0.75], "texture": "#0"},
				"up": {"uv": [2.25, 0.25, 2.75, 0.75], "texture": "#0"}
			}
		},
		{
			"name": "voxel",
			"from": [8.25, 6.5, 6],
			"to": [8.5, 6.75, 6.25],
			"faces": {
				"east": {"uv": [6.25, 0.25, 6.75, 0.75], "texture": "#0"},
				"south": {"uv": [6.25, 0.25, 6.75, 0.75], "texture": "#0"},
				"up": {"uv": [6.25, 0.25, 6.75, 0.75], "texture": "#0"}
			}
		},
		{
			"name": "voxel",
			"from": [8.25, 9.25, 6],
			"to": [8.5, 9.5, 6.25],
			"faces": {
				"east": {"uv": [6.25, 0.25, 6.75, 0.75], "texture": "#0"},
				"south": {"uv": [6.25, 0.25, 6.75, 0.75], "texture": "#0"},
				"down": {"uv": [6.25, 0.25, 6.75, 0.75], "texture": "#0"}
			}
		},
		{
			"name": "voxel",
			"from": [7.75, 3.5, 6],
			"to": [8, 3.75, 6.25],
			"faces": {
				"north": {"uv": [2.25, 0.25, 2.75, 0.75], "texture": "#0"},
				"east": {"uv": [2.25, 0.25, 2.75, 0.75], "texture": "#0"},
				"west": {"uv": [2.25, 0.25, 2.75, 0.75], "texture": "#0"},
				"down": {"uv": [2.25, 0.25, 2.75, 0.75], "texture": "#0"}
			}
		},
		{
			"name": "voxel",
			"from": [7.75, 12.25, 6],
			"to": [8, 12.5, 6.25],
			"faces": {
				"north": {"uv": [2.25, 0.25, 2.75, 0.75], "texture": "#0"},
				"east": {"uv": [2.25, 0.25, 2.75, 0.75], "texture": "#0"},
				"west": {"uv": [2.25, 0.25, 2.75, 0.75], "texture": "#0"},
				"up": {"uv": [2.25, 0.25, 2.75, 0.75], "texture": "#0"}
			}
		},
		{
			"name": "voxel",
			"from": [7.5, 13.75, 8],
			"to": [7.75, 14, 8.25],
			"faces": {
				"north": {"uv": [2.25, 0.25, 2.75, 0.75], "texture": "#0"},
				"west": {"uv": [2.25, 0.25, 2.75, 0.75], "texture": "#0"},
				"up": {"uv": [2.25, 0.25, 2.75, 0.75], "texture": "#0"}
			}
		},
		{
			"name": "voxel",
			"from": [7.5, 3, 7],
			"to": [8, 3.25, 7.25],
			"faces": {
				"south": {"uv": [2.25, 0.25, 2.75, 0.75], "texture": "#0"},
				"west": {"uv": [2.25, 0.25, 2.75, 0.75], "texture": "#0"},
				"up": {"uv": [2.25, 0.25, 2.75, 0.75], "texture": "#0"}
			}
		},
		{
			"name": "voxel",
			"from": [7.5, 12.75, 7],
			"to": [8, 13, 7.25],
			"faces": {
				"south": {"uv": [0.25, 0.25, 0.75, 0.75], "texture": "#0"},
				"west": {"uv": [0.25, 0.25, 0.75, 0.75], "texture": "#0"},
				"down": {"uv": [0.25, 0.25, 0.75, 0.75], "texture": "#0"}
			}
		},
		{
			"name": "voxel",
			"from": [7.75, 3.25, 6.75],
			"to": [8, 3.5, 7],
			"faces": {
				"south": {"uv": [2.25, 0.25, 2.75, 0.75], "texture": "#0"}
			}
		},
		{
			"name": "voxel",
			"from": [7.5, 12.5, 6.75],
			"to": [8, 12.75, 7],
			"faces": {
				"south": {"uv": [0.25, 0.25, 0.75, 0.75], "texture": "#0"},
				"west": {"uv": [0.25, 0.25, 0.75, 0.75], "texture": "#0"},
				"down": {"uv": [0.25, 0.25, 0.75, 0.75], "texture": "#0"}
			}
		},
		{
			"name": "voxel",
			"from": [7.5, 3.75, 6.5],
			"to": [8, 4, 6.75],
			"faces": {
				"south": {"uv": [0.25, 0.25, 0.75, 0.75], "texture": "#0"},
				"west": {"uv": [0.25, 0.25, 0.75, 0.75], "texture": "#0"}
			}
		},
		{
			"name": "voxel",
			"from": [7.5, 11.75, 6.5],
			"to": [8, 12.25, 6.75],
			"faces": {
				"south": {"uv": [0.25, 0.25, 0.75, 0.75], "texture": "#0"},
				"west": {"uv": [0.25, 0.25, 0.75, 0.75], "texture": "#0"},
				"down": {"uv": [0.25, 0.25, 0.75, 0.75], "texture": "#0"}
			}
		},
		{
			"name": "voxel",
			"from": [7.25, 11.25, 6],
			"to": [7.5, 11.75, 6.25],
			"faces": {
				"north": {"uv": [2.25, 0.25, 2.75, 0.75], "texture": "#0"},
				"south": {"uv": [2.25, 0.25, 2.75, 0.75], "texture": "#0"},
				"west": {"uv": [2.25, 0.25, 2.75, 0.75], "texture": "#0"},
				"up": {"uv": [2.25, 0.25, 2.75, 0.75], "texture": "#0"}
			}
		},
		{
			"name": "voxel",
			"from": [7.25, 4.25, 6],
			"to": [7.5, 5, 6.25],
			"faces": {
				"north": {"uv": [2.25, 0.25, 2.75, 0.75], "texture": "#0"},
				"south": {"uv": [2.25, 0.25, 2.75, 0.75], "texture": "#0"},
				"west": {"uv": [2.25, 0.25, 2.75, 0.75], "texture": "#0"},
				"down": {"uv": [2.25, 0.25, 2.75, 0.75], "texture": "#0"}
			}
		},
		{
			"name": "voxel",
			"from": [7.5, 13.25, 8],
			"to": [7.75, 13.5, 8.25],
			"faces": {
				"south": {"uv": [2.25, 0.25, 2.75, 0.75], "texture": "#0"},
				"west": {"uv": [2.25, 0.25, 2.75, 0.75], "texture": "#0"},
				"down": {"uv": [2.25, 0.25, 2.75, 0.75], "texture": "#0"}
			}
		},
		{
			"name": "voxel",
			"from": [7.5, 2.5, 7.75],
			"to": [7.75, 2.75, 8.25],
			"faces": {
				"south": {"uv": [2.25, 0.25, 2.75, 0.75], "texture": "#0"},
				"west": {"uv": [2.25, 0.25, 2.75, 0.75], "texture": "#0"},
				"up": {"uv": [2.25, 0.25, 2.75, 0.75], "texture": "#0"}
			}
		},
		{
			"name": "voxel",
			"from": [7.5, 2.25, 7.75],
			"to": [8, 2.5, 8],
			"faces": {
				"north": {"uv": [0.25, 0.25, 0.75, 0.75], "texture": "#0"},
				"west": {"uv": [0.25, 0.25, 0.75, 0.75], "texture": "#0"},
				"down": {"uv": [0.25, 0.25, 0.75, 0.75], "texture": "#0"}
			}
		},
		{
			"name": "voxel",
			"from": [7.5, 7.75, 5.75],
			"to": [7.75, 8, 6.25],
			"faces": {
				"north": {"uv": [7.25, 0.25, 7.75, 0.75], "texture": "#0"},
				"south": {"uv": [7.25, 0.25, 7.75, 0.75], "texture": "#0"},
				"west": {"uv": [7.25, 0.25, 7.75, 0.75], "texture": "#0"}
			}
		},
		{
			"name": "voxel",
			"from": [7.5, 8, 5.75],
			"to": [7.75, 8.25, 6.25],
			"faces": {
				"north": {"uv": [8.25, 0.25, 8.75, 0.75], "texture": "#0"},
				"south": {"uv": [8.25, 0.25, 8.75, 0.75], "texture": "#0"},
				"west": {"uv": [8.25, 0.25, 8.75, 0.75], "texture": "#0"}
			}
		},
		{
			"name": "voxel",
			"from": [7.75, 13.5, 7.75],
			"to": [8.25, 13.75, 8],
			"faces": {
				"north": {"uv": [1.25, 0.25, 1.75, 0.75], "texture": "#0"},
				"east": {"uv": [1.25, 0.25, 1.75, 0.75], "texture": "#0"},
				"up": {"uv": [1.25, 0.25, 1.75, 0.75], "texture": "#0"}
			}
		},
		{
			"name": "voxel",
			"from": [7.75, 13.75, 8],
			"to": [8.25, 14, 8.25],
			"faces": {
				"north": {"uv": [1.25, 0.25, 1.75, 0.75], "texture": "#0"},
				"east": {"uv": [1.25, 0.25, 1.75, 0.75], "texture": "#0"},
				"up": {"uv": [1.25, 0.25, 1.75, 0.75], "texture": "#0"}
			}
		},
		{
			"name": "voxel",
			"from": [7.75, 2.25, 7.5],
			"to": [8, 2.5, 7.75],
			"faces": {
				"north": {"uv": [0.25, 0.25, 0.75, 0.75], "texture": "#0"},
				"east": {"uv": [0.25, 0.25, 0.75, 0.75], "texture": "#0"},
				"west": {"uv": [0.25, 0.25, 0.75, 0.75], "texture": "#0"},
				"down": {"uv": [0.25, 0.25, 0.75, 0.75], "texture": "#0"}
			}
		},
		{
			"name": "voxel",
			"from": [7.75, 13.5, 7.5],
			"to": [8, 13.75, 7.75],
			"faces": {
				"north": {"uv": [1.25, 0.25, 1.75, 0.75], "texture": "#0"},
				"east": {"uv": [1.25, 0.25, 1.75, 0.75], "texture": "#0"},
				"west": {"uv": [1.25, 0.25, 1.75, 0.75], "texture": "#0"},
				"up": {"uv": [1.25, 0.25, 1.75, 0.75], "texture": "#0"}
			}
		},
		{
			"name": "voxel",
			"from": [7.75, 0.5, 9.5],
			"to": [8, 0.75, 10],
			"faces": {
				"north": {"uv": [2.25, 0.25, 2.75, 0.75], "texture": "#0"},
				"east": {"uv": [2.25, 0.25, 2.75, 0.75], "texture": "#0"},
				"south": {"uv": [2.25, 0.25, 2.75, 0.75], "texture": "#0"},
				"west": {"uv": [2.25, 0.25, 2.75, 0.75], "texture": "#0"}
			}
		},
		{
			"name": "voxel",
			"from": [7.75, 15.25, 9.5],
			"to": [8, 15.5, 10],
			"faces": {
				"north": {"uv": [2.25, 0.25, 2.75, 0.75], "texture": "#0"},
				"east": {"uv": [2.25, 0.25, 2.75, 0.75], "texture": "#0"},
				"south": {"uv": [2.25, 0.25, 2.75, 0.75], "texture": "#0"},
				"west": {"uv": [2.25, 0.25, 2.75, 0.75], "texture": "#0"}
			}
		},
		{
			"name": "voxel",
			"from": [7.75, 1.5, 8.75],
			"to": [8, 1.75, 9],
			"faces": {
				"north": {"uv": [0.25, 0.25, 0.75, 0.75], "texture": "#0"},
				"east": {"uv": [0.25, 0.25, 0.75, 0.75], "texture": "#0"},
				"west": {"uv": [0.25, 0.25, 0.75, 0.75], "texture": "#0"},
				"down": {"uv": [0.25, 0.25, 0.75, 0.75], "texture": "#0"}
			}
		},
		{
			"name": "voxel",
			"from": [7.75, 14.25, 8.75],
			"to": [8, 14.5, 9],
			"faces": {
				"north": {"uv": [2.25, 0.25, 2.75, 0.75], "texture": "#0"},
				"east": {"uv": [2.25, 0.25, 2.75, 0.75], "texture": "#0"},
				"west": {"uv": [2.25, 0.25, 2.75, 0.75], "texture": "#0"},
				"up": {"uv": [2.25, 0.25, 2.75, 0.75], "texture": "#0"}
			}
		},
		{
			"name": "voxel",
			"from": [7.75, 1.25, 9],
			"to": [8, 1.5, 9.25],
			"faces": {
				"north": {"uv": [2.25, 0.25, 2.75, 0.75], "texture": "#0"},
				"east": {"uv": [2.25, 0.25, 2.75, 0.75], "texture": "#0"},
				"west": {"uv": [2.25, 0.25, 2.75, 0.75], "texture": "#0"},
				"down": {"uv": [2.25, 0.25, 2.75, 0.75], "texture": "#0"}
			}
		},
		{
			"name": "voxel",
			"from": [7.75, 14.5, 9],
			"to": [8, 14.75, 9.25],
			"faces": {
				"north": {"uv": [2.25, 0.25, 2.75, 0.75], "texture": "#0"},
				"east": {"uv": [2.25, 0.25, 2.75, 0.75], "texture": "#0"},
				"west": {"uv": [2.25, 0.25, 2.75, 0.75], "texture": "#0"},
				"up": {"uv": [2.25, 0.25, 2.75, 0.75], "texture": "#0"}
			}
		},
		{
			"name": "voxel",
			"from": [7.75, 14.75, 9.25],
			"to": [8.25, 15, 9.5],
			"faces": {
				"north": {"uv": [2.25, 0.25, 2.75, 0.75], "texture": "#0"},
				"east": {"uv": [2.25, 0.25, 2.75, 0.75], "texture": "#0"},
				"south": {"uv": [2.25, 0.25, 2.75, 0.75], "texture": "#0"},
				"up": {"uv": [2.25, 0.25, 2.75, 0.75], "texture": "#0"}
			}
		},
		{
			"name": "voxel",
			"from": [7.75, 0.75, 9.5],
			"to": [8.25, 1, 9.75],
			"faces": {
				"north": {"uv": [2.25, 0.25, 2.75, 0.75], "texture": "#0"},
				"east": {"uv": [2.25, 0.25, 2.75, 0.75], "texture": "#0"},
				"south": {"uv": [2.25, 0.25, 2.75, 0.75], "texture": "#0"},
				"up": {"uv": [2.25, 0.25, 2.75, 0.75], "texture": "#0"}
			}
		},
		{
			"name": "voxel",
			"from": [7.75, 15, 9.5],
			"to": [8.25, 15.25, 9.75],
			"faces": {
				"north": {"uv": [2.25, 0.25, 2.75, 0.75], "texture": "#0"},
				"east": {"uv": [2.25, 0.25, 2.75, 0.75], "texture": "#0"},
				"south": {"uv": [2.25, 0.25, 2.75, 0.75], "texture": "#0"},
				"down": {"uv": [2.25, 0.25, 2.75, 0.75], "texture": "#0"}
			}
		},
		{
			"name": "voxel",
			"from": [7.75, 10.25, 5.25],
			"to": [8, 10.75, 5.5],
			"faces": {
				"north": {"uv": [1.25, 0.25, 1.75, 0.75], "texture": "#0"},
				"east": {"uv": [1.25, 0.25, 1.75, 0.75], "texture": "#0"},
				"west": {"uv": [1.25, 0.25, 1.75, 0.75], "texture": "#0"},
				"up": {"uv": [1.25, 0.25, 1.75, 0.75], "texture": "#0"}
			}
		},
		{
			"name": "voxel",
			"from": [7.75, 5.25, 5.25],
			"to": [8, 5.75, 5.5],
			"faces": {
				"north": {"uv": [1.25, 0.25, 1.75, 0.75], "texture": "#0"},
				"east": {"uv": [1.25, 0.25, 1.75, 0.75], "texture": "#0"},
				"west": {"uv": [1.25, 0.25, 1.75, 0.75], "texture": "#0"},
				"down": {"uv": [1.25, 0.25, 1.75, 0.75], "texture": "#0"}
			}
		},
		{
			"name": "voxel",
			"from": [7.75, 15.75, 9.25],
			"to": [8, 16, 9.5],
			"faces": {
				"north": {"uv": [1.25, 0.25, 1.75, 0.75], "texture": "#0"},
				"east": {"uv": [1.25, 0.25, 1.75, 0.75], "texture": "#0"},
				"west": {"uv": [1.25, 0.25, 1.75, 0.75], "texture": "#0"},
				"up": {"uv": [1.25, 0.25, 1.75, 0.75], "texture": "#0"}
			}
		},
		{
			"name": "voxel",
			"from": [7.75, 0, 9.5],
			"to": [8, 0.25, 9.75],
			"faces": {
				"east": {"uv": [0.25, 0.25, 0.75, 0.75], "texture": "#0"},
				"south": {"uv": [0.25, 0.25, 0.75, 0.75], "texture": "#0"},
				"west": {"uv": [0.25, 0.25, 0.75, 0.75], "texture": "#0"},
				"down": {"uv": [0.25, 0.25, 0.75, 0.75], "texture": "#0"}
			}
		},
		{
			"name": "voxel",
			"from": [7.75, 15.75, 9.5],
			"to": [8, 16, 9.75],
			"faces": {
				"east": {"uv": [2.25, 0.25, 2.75, 0.75], "texture": "#0"},
				"south": {"uv": [2.25, 0.25, 2.75, 0.75], "texture": "#0"},
				"west": {"uv": [2.25, 0.25, 2.75, 0.75], "texture": "#0"},
				"up": {"uv": [2.25, 0.25, 2.75, 0.75], "texture": "#0"}
			}
		},
		{
			"name": "voxel",
			"from": [7.5, 2.5, 7.5],
			"to": [7.75, 2.75, 7.75],
			"faces": {
				"north": {"uv": [0.25, 0.25, 0.75, 0.75], "texture": "#0"},
				"west": {"uv": [0.25, 0.25, 0.75, 0.75], "texture": "#0"},
				"down": {"uv": [0.25, 0.25, 0.75, 0.75], "texture": "#0"}
			}
		},
		{
			"name": "voxel",
			"from": [7.5, 6.75, 6.25],
			"to": [8, 7, 6.5],
			"faces": {
				"south": {"uv": [5.25, 0.25, 5.75, 0.75], "texture": "#0"},
				"west": {"uv": [5.25, 0.25, 5.75, 0.75], "texture": "#0"},
				"up": {"uv": [5.25, 0.25, 5.75, 0.75], "texture": "#0"}
			}
		},
		{
			"name": "voxel",
			"from": [7.5, 9, 6.25],
			"to": [8, 9.25, 6.5],
			"faces": {
				"south": {"uv": [5.25, 0.25, 5.75, 0.75], "texture": "#0"},
				"west": {"uv": [5.25, 0.25, 5.75, 0.75], "texture": "#0"},
				"down": {"uv": [5.25, 0.25, 5.75, 0.75], "texture": "#0"}
			}
		},
		{
			"name": "voxel",
			"from": [7.5, 13, 7],
			"to": [7.75, 13.25, 7.5],
			"faces": {
				"north": {"uv": [2.25, 0.25, 2.75, 0.75], "texture": "#0"},
				"west": {"uv": [2.25, 0.25, 2.75, 0.75], "texture": "#0"},
				"up": {"uv": [2.25, 0.25, 2.75, 0.75], "texture": "#0"},
				"down": {"uv": [2.25, 0.25, 2.75, 0.75], "texture": "#0"}
			}
		},
		{
			"name": "voxel",
			"from": [8, 12.75, 7],
			"to": [8.25, 13, 7.25],
			"faces": {
				"east": {"uv": [2.25, 0.25, 2.75, 0.75], "texture": "#0"},
				"south": {"uv": [2.25, 0.25, 2.75, 0.75], "texture": "#0"},
				"down": {"uv": [2.25, 0.25, 2.75, 0.75], "texture": "#0"}
			}
		},
		{
			"name": "voxel",
			"from": [8, 3, 7],
			"to": [8.25, 3.25, 7.25],
			"faces": {
				"east": {"uv": [1.25, 0.25, 1.75, 0.75], "texture": "#0"},
				"south": {"uv": [1.25, 0.25, 1.75, 0.75], "texture": "#0"},
				"up": {"uv": [1.25, 0.25, 1.75, 0.75], "texture": "#0"}
			}
		},
		{
			"name": "voxel",
			"from": [7.5, 12.75, 6.75],
			"to": [7.75, 13, 7],
			"faces": {
				"north": {"uv": [0.25, 0.25, 0.75, 0.75], "texture": "#0"},
				"west": {"uv": [0.25, 0.25, 0.75, 0.75], "texture": "#0"},
				"up": {"uv": [0.25, 0.25, 0.75, 0.75], "texture": "#0"}
			}
		},
		{
			"name": "voxel",
			"from": [7.5, 3, 6.75],
			"to": [7.75, 3.5, 7],
			"faces": {
				"north": {"uv": [0.25, 0.25, 0.75, 0.75], "texture": "#0"},
				"south": {"uv": [0.25, 0.25, 0.75, 0.75], "texture": "#0"},
				"west": {"uv": [0.25, 0.25, 0.75, 0.75], "texture": "#0"},
				"up": {"uv": [0.25, 0.25, 0.75, 0.75], "texture": "#0"},
				"down": {"uv": [0.25, 0.25, 0.75, 0.75], "texture": "#0"}
			}
		},
		{
			"name": "voxel",
			"from": [7.5, 12.5, 6.5],
			"to": [7.75, 12.75, 6.75],
			"faces": {
				"north": {"uv": [2.25, 0.25, 2.75, 0.75], "texture": "#0"},
				"west": {"uv": [2.25, 0.25, 2.75, 0.75], "texture": "#0"},
				"up": {"uv": [2.25, 0.25, 2.75, 0.75], "texture": "#0"}
			}
		},
		{
			"name": "voxel",
			"from": [7.5, 3.25, 6.5],
			"to": [7.75, 3.75, 6.75],
			"faces": {
				"north": {"uv": [0.25, 0.25, 0.75, 0.75], "texture": "#0"},
				"south": {"uv": [0.25, 0.25, 0.75, 0.75], "texture": "#0"},
				"west": {"uv": [0.25, 0.25, 0.75, 0.75], "texture": "#0"},
				"down": {"uv": [0.25, 0.25, 0.75, 0.75], "texture": "#0"}
			}
		},
		{
			"name": "voxel",
			"from": [7.75, 1, 9.5],
			"to": [8, 1.25, 9.75],
			"faces": {
				"east": {"uv": [2.25, 0.25, 2.75, 0.75], "texture": "#0"},
				"west": {"uv": [2.25, 0.25, 2.75, 0.75], "texture": "#0"},
				"up": {"uv": [2.25, 0.25, 2.75, 0.75], "texture": "#0"}
			}
		},
		{
			"name": "voxel",
			"from": [7.75, 14.75, 9.5],
			"to": [8, 15, 9.75],
			"faces": {
				"east": {"uv": [0.25, 0.25, 0.75, 0.75], "texture": "#0"},
				"west": {"uv": [0.25, 0.25, 0.75, 0.75], "texture": "#0"},
				"down": {"uv": [0.25, 0.25, 0.75, 0.75], "texture": "#0"}
			}
		},
		{
			"name": "voxel",
			"from": [7.75, 14.5, 9.25],
			"to": [8, 14.75, 9.5],
			"faces": {
				"south": {"uv": [0.25, 0.25, 0.75, 0.75], "texture": "#0"},
				"down": {"uv": [0.25, 0.25, 0.75, 0.75], "texture": "#0"}
			}
		},
		{
			"name": "voxel",
			"from": [7.5, 12.25, 6.5],
			"to": [7.75, 12.5, 6.75],
			"faces": {
				"south": {"uv": [0.25, 0.25, 0.75, 0.75], "texture": "#0"},
				"west": {"uv": [0.25, 0.25, 0.75, 0.75], "texture": "#0"}
			}
		},
		{
			"name": "voxel",
			"from": [7.75, 2.25, 8.5],
			"to": [8, 2.5, 8.75],
			"faces": {
				"east": {"uv": [2.25, 0.25, 2.75, 0.75], "texture": "#0"},
				"south": {"uv": [2.25, 0.25, 2.75, 0.75], "texture": "#0"},
				"west": {"uv": [2.25, 0.25, 2.75, 0.75], "texture": "#0"},
				"up": {"uv": [2.25, 0.25, 2.75, 0.75], "texture": "#0"}
			}
		},
		{
			"name": "voxel",
			"from": [7.75, 13.5, 8.5],
			"to": [8, 13.75, 8.75],
			"faces": {
				"east": {"uv": [0.25, 0.25, 0.75, 0.75], "texture": "#0"},
				"south": {"uv": [0.25, 0.25, 0.75, 0.75], "texture": "#0"},
				"west": {"uv": [0.25, 0.25, 0.75, 0.75], "texture": "#0"},
				"down": {"uv": [0.25, 0.25, 0.75, 0.75], "texture": "#0"}
			}
		},
		{
			"name": "voxel",
			"from": [7.75, 2.5, 8.25],
			"to": [8, 2.75, 8.5],
			"faces": {
				"east": {"uv": [1.25, 0.25, 1.75, 0.75], "texture": "#0"},
				"south": {"uv": [1.25, 0.25, 1.75, 0.75], "texture": "#0"},
				"west": {"uv": [1.25, 0.25, 1.75, 0.75], "texture": "#0"},
				"up": {"uv": [1.25, 0.25, 1.75, 0.75], "texture": "#0"}
			}
		},
		{
			"name": "voxel",
			"from": [7.75, 13.25, 8.25],
			"to": [8, 13.5, 8.5],
			"faces": {
				"east": {"uv": [2.25, 0.25, 2.75, 0.75], "texture": "#0"},
				"south": {"uv": [2.25, 0.25, 2.75, 0.75], "texture": "#0"},
				"west": {"uv": [2.25, 0.25, 2.75, 0.75], "texture": "#0"},
				"down": {"uv": [2.25, 0.25, 2.75, 0.75], "texture": "#0"}
			}
		},
		{
			"name": "voxel",
			"from": [7.75, 0.25, 9.75],
			"to": [8, 0.5, 10],
			"faces": {
				"east": {"uv": [0.25, 0.25, 0.75, 0.75], "texture": "#0"},
				"south": {"uv": [0.25, 0.25, 0.75, 0.75], "texture": "#0"},
				"west": {"uv": [0.25, 0.25, 0.75, 0.75], "texture": "#0"},
				"down": {"uv": [0.25, 0.25, 0.75, 0.75], "texture": "#0"}
			}
		},
		{
			"name": "voxel",
			"from": [7.75, 15.5, 9.75],
			"to": [8, 15.75, 10],
			"faces": {
				"east": {"uv": [0.25, 0.25, 0.75, 0.75], "texture": "#0"},
				"south": {"uv": [0.25, 0.25, 0.75, 0.75], "texture": "#0"},
				"west": {"uv": [0.25, 0.25, 0.75, 0.75], "texture": "#0"},
				"up": {"uv": [0.25, 0.25, 0.75, 0.75], "texture": "#0"}
			}
		},
		{
			"name": "voxel",
			"from": [7.75, 2, 8.75],
			"to": [8, 2.25, 9],
			"faces": {
				"east": {"uv": [2.25, 0.25, 2.75, 0.75], "texture": "#0"},
				"south": {"uv": [2.25, 0.25, 2.75, 0.75], "texture": "#0"},
				"west": {"uv": [2.25, 0.25, 2.75, 0.75], "texture": "#0"},
				"up": {"uv": [2.25, 0.25, 2.75, 0.75], "texture": "#0"}
			}
		},
		{
			"name": "voxel",
			"from": [7.75, 13.75, 8.75],
			"to": [8, 14, 9],
			"faces": {
				"east": {"uv": [0.25, 0.25, 0.75, 0.75], "texture": "#0"},
				"south": {"uv": [0.25, 0.25, 0.75, 0.75], "texture": "#0"},
				"west": {"uv": [0.25, 0.25, 0.75, 0.75], "texture": "#0"},
				"down": {"uv": [0.25, 0.25, 0.75, 0.75], "texture": "#0"}
			}
		},
		{
			"name": "voxel",
			"from": [7.75, 2.75, 7.5],
			"to": [8, 3, 7.75],
			"faces": {
				"up": {"uv": [2.25, 0.25, 2.75, 0.75], "texture": "#0"}
			}
		},
		{
			"name": "voxel",
			"from": [7.5, 12, 6.25],
			"to": [7.75, 12.5, 6.5],
			"faces": {
				"north": {"uv": [2.25, 0.25, 2.75, 0.75], "texture": "#0"},
				"west": {"uv": [2.25, 0.25, 2.75, 0.75], "texture": "#0"},
				"up": {"uv": [2.25, 0.25, 2.75, 0.75], "texture": "#0"}
			}
		},
		{
			"name": "voxel",
			"from": [7.5, 3.5, 6.25],
			"to": [7.75, 3.75, 6.5],
			"faces": {
				"north": {"uv": [0.25, 0.25, 0.75, 0.75], "texture": "#0"},
				"west": {"uv": [0.25, 0.25, 0.75, 0.75], "texture": "#0"},
				"down": {"uv": [0.25, 0.25, 0.75, 0.75], "texture": "#0"}
			}
		},
		{
			"name": "voxel",
			"from": [8, 13, 7],
			"to": [8.25, 13.25, 7.5],
			"faces": {
				"north": {"uv": [1.25, 0.25, 1.75, 0.75], "texture": "#0"},
				"east": {"uv": [1.25, 0.25, 1.75, 0.75], "texture": "#0"},
				"up": {"uv": [1.25, 0.25, 1.75, 0.75], "texture": "#0"},
				"down": {"uv": [1.25, 0.25, 1.75, 0.75], "texture": "#0"}
			}
		},
		{
			"name": "voxel",
			"from": [8, 2.75, 7],
			"to": [8.25, 3, 7.5],
			"faces": {
				"north": {"uv": [2.25, 0.25, 2.75, 0.75], "texture": "#0"},
				"east": {"uv": [2.25, 0.25, 2.75, 0.75], "texture": "#0"},
				"up": {"uv": [2.25, 0.25, 2.75, 0.75], "texture": "#0"},
				"down": {"uv": [2.25, 0.25, 2.75, 0.75], "texture": "#0"}
			}
		},
		{
			"name": "voxel",
			"from": [7.75, 0.75, 9.75],
			"to": [8, 1.5, 10],
			"faces": {
				"north": {"uv": [9.25, 0.25, 9.75, 0.75], "texture": "#0"},
				"east": {"uv": [9.25, 0.25, 9.75, 0.75], "texture": "#0"},
				"south": {"uv": [9.25, 0.25, 9.75, 0.75], "texture": "#0"},
				"west": {"uv": [9.25, 0.25, 9.75, 0.75], "texture": "#0"}
			}
		},
		{
			"name": "voxel",
			"from": [7.75, 14.5, 9.75],
			"to": [8, 15.25, 10],
			"faces": {
				"north": {"uv": [9.25, 0.25, 9.75, 0.75], "texture": "#0"},
				"east": {"uv": [9.25, 0.25, 9.75, 0.75], "texture": "#0"},
				"south": {"uv": [9.25, 0.25, 9.75, 0.75], "texture": "#0"},
				"west": {"uv": [9.25, 0.25, 9.75, 0.75], "texture": "#0"}
			}
		},
		{
			"name": "voxel",
			"from": [7.75, 1.5, 9.75],
			"to": [8, 1.75, 10],
			"faces": {
				"north": {"uv": [10.25, 0.25, 10.75, 0.75], "texture": "#0"},
				"east": {"uv": [10.25, 0.25, 10.75, 0.75], "texture": "#0"},
				"south": {"uv": [10.25, 0.25, 10.75, 0.75], "texture": "#0"},
				"west": {"uv": [10.25, 0.25, 10.75, 0.75], "texture": "#0"}
			}
		},
		{
			"name": "voxel",
			"from": [7.75, 14.25, 9.75],
			"to": [8, 14.5, 10],
			"faces": {
				"north": {"uv": [10.25, 0.25, 10.75, 0.75], "texture": "#0"},
				"east": {"uv": [10.25, 0.25, 10.75, 0.75], "texture": "#0"},
				"south": {"uv": [10.25, 0.25, 10.75, 0.75], "texture": "#0"},
				"west": {"uv": [10.25, 0.25, 10.75, 0.75], "texture": "#0"}
			}
		},
		{
			"name": "voxel",
			"from": [7.75, 1.75, 9.75],
			"to": [8, 2, 10],
			"faces": {
				"north": {"uv": [9.25, 0.25, 9.75, 0.75], "texture": "#0"},
				"east": {"uv": [9.25, 0.25, 9.75, 0.75], "texture": "#0"},
				"south": {"uv": [9.25, 0.25, 9.75, 0.75], "texture": "#0"},
				"west": {"uv": [9.25, 0.25, 9.75, 0.75], "texture": "#0"}
			}
		},
		{
			"name": "voxel",
			"from": [7.75, 14, 9.75],
			"to": [8, 14.25, 10],
			"faces": {
				"north": {"uv": [9.25, 0.25, 9.75, 0.75], "texture": "#0"},
				"east": {"uv": [9.25, 0.25, 9.75, 0.75], "texture": "#0"},
				"south": {"uv": [9.25, 0.25, 9.75, 0.75], "texture": "#0"},
				"west": {"uv": [9.25, 0.25, 9.75, 0.75], "texture": "#0"}
			}
		},
		{
			"name": "voxel",
			"from": [7.75, 2, 9.75],
			"to": [8, 2.75, 10],
			"faces": {
				"north": {"uv": [10.25, 0.25, 10.75, 0.75], "texture": "#0"},
				"east": {"uv": [10.25, 0.25, 10.75, 0.75], "texture": "#0"},
				"south": {"uv": [10.25, 0.25, 10.75, 0.75], "texture": "#0"},
				"west": {"uv": [10.25, 0.25, 10.75, 0.75], "texture": "#0"}
			}
		},
		{
			"name": "voxel",
			"from": [7.75, 13.25, 9.75],
			"to": [8, 14, 10],
			"faces": {
				"north": {"uv": [10.25, 0.25, 10.75, 0.75], "texture": "#0"},
				"east": {"uv": [10.25, 0.25, 10.75, 0.75], "texture": "#0"},
				"south": {"uv": [10.25, 0.25, 10.75, 0.75], "texture": "#0"},
				"west": {"uv": [10.25, 0.25, 10.75, 0.75], "texture": "#0"}
			}
		},
		{
			"name": "voxel",
			"from": [7.75, 2.75, 9.75],
			"to": [8, 3.5, 10],
			"faces": {
				"north": {"uv": [11.25, 0.25, 11.75, 0.75], "texture": "#0"},
				"east": {"uv": [11.25, 0.25, 11.75, 0.75], "texture": "#0"},
				"south": {"uv": [11.25, 0.25, 11.75, 0.75], "texture": "#0"},
				"west": {"uv": [11.25, 0.25, 11.75, 0.75], "texture": "#0"}
			}
		},
		{
			"name": "voxel",
			"from": [7.75, 12.5, 9.75],
			"to": [8, 13.25, 10],
			"faces": {
				"north": {"uv": [11.25, 0.25, 11.75, 0.75], "texture": "#0"},
				"east": {"uv": [11.25, 0.25, 11.75, 0.75], "texture": "#0"},
				"south": {"uv": [11.25, 0.25, 11.75, 0.75], "texture": "#0"},
				"west": {"uv": [11.25, 0.25, 11.75, 0.75], "texture": "#0"}
			}
		},
		{
			"name": "voxel",
			"from": [7.75, 3.5, 9.75],
			"to": [8, 3.75, 10],
			"faces": {
				"north": {"uv": [10.25, 0.25, 10.75, 0.75], "texture": "#0"},
				"east": {"uv": [10.25, 0.25, 10.75, 0.75], "texture": "#0"},
				"south": {"uv": [10.25, 0.25, 10.75, 0.75], "texture": "#0"},
				"west": {"uv": [10.25, 0.25, 10.75, 0.75], "texture": "#0"}
			}
		},
		{
			"name": "voxel",
			"from": [7.75, 12.25, 9.75],
			"to": [8, 12.5, 10],
			"faces": {
				"north": {"uv": [10.25, 0.25, 10.75, 0.75], "texture": "#0"},
				"east": {"uv": [10.25, 0.25, 10.75, 0.75], "texture": "#0"},
				"south": {"uv": [10.25, 0.25, 10.75, 0.75], "texture": "#0"},
				"west": {"uv": [10.25, 0.25, 10.75, 0.75], "texture": "#0"}
			}
		},
		{
			"name": "voxel",
			"from": [7.75, 3.75, 9.75],
			"to": [8, 4, 10],
			"faces": {
				"north": {"uv": [11.25, 0.25, 11.75, 0.75], "texture": "#0"},
				"east": {"uv": [11.25, 0.25, 11.75, 0.75], "texture": "#0"},
				"south": {"uv": [11.25, 0.25, 11.75, 0.75], "texture": "#0"},
				"west": {"uv": [11.25, 0.25, 11.75, 0.75], "texture": "#0"}
			}
		},
		{
			"name": "voxel",
			"from": [7.75, 12, 9.75],
			"to": [8, 12.25, 10],
			"faces": {
				"north": {"uv": [11.25, 0.25, 11.75, 0.75], "texture": "#0"},
				"east": {"uv": [11.25, 0.25, 11.75, 0.75], "texture": "#0"},
				"south": {"uv": [11.25, 0.25, 11.75, 0.75], "texture": "#0"},
				"west": {"uv": [11.25, 0.25, 11.75, 0.75], "texture": "#0"}
			}
		},
		{
			"name": "voxel",
			"from": [7.75, 4, 9.75],
			"to": [8, 6.25, 10],
			"faces": {
				"north": {"uv": [10.25, 0.25, 10.75, 0.75], "texture": "#0"},
				"east": {"uv": [10.25, 0.25, 10.75, 0.75], "texture": "#0"},
				"south": {"uv": [10.25, 0.25, 10.75, 0.75], "texture": "#0"},
				"west": {"uv": [10.25, 0.25, 10.75, 0.75], "texture": "#0"}
			}
		},
		{
			"name": "voxel",
			"from": [7.75, 9.75, 9.75],
			"to": [8, 12, 10],
			"faces": {
				"north": {"uv": [10.25, 0.25, 10.75, 0.75], "texture": "#0"},
				"east": {"uv": [10.25, 0.25, 10.75, 0.75], "texture": "#0"},
				"south": {"uv": [10.25, 0.25, 10.75, 0.75], "texture": "#0"},
				"west": {"uv": [10.25, 0.25, 10.75, 0.75], "texture": "#0"}
			}
		},
		{
			"name": "voxel",
			"from": [7.75, 6.25, 9.75],
			"to": [8, 6.5, 10],
			"faces": {
				"north": {"uv": [11.25, 0.25, 11.75, 0.75], "texture": "#0"},
				"east": {"uv": [11.25, 0.25, 11.75, 0.75], "texture": "#0"},
				"south": {"uv": [11.25, 0.25, 11.75, 0.75], "texture": "#0"},
				"west": {"uv": [11.25, 0.25, 11.75, 0.75], "texture": "#0"}
			}
		},
		{
			"name": "voxel",
			"from": [7.75, 9.5, 9.75],
			"to": [8, 9.75, 10],
			"faces": {
				"north": {"uv": [11.25, 0.25, 11.75, 0.75], "texture": "#0"},
				"east": {"uv": [11.25, 0.25, 11.75, 0.75], "texture": "#0"},
				"south": {"uv": [11.25, 0.25, 11.75, 0.75], "texture": "#0"},
				"west": {"uv": [11.25, 0.25, 11.75, 0.75], "texture": "#0"}
			}
		},
		{
			"name": "voxel",
			"from": [7.75, 6.5, 9.75],
			"to": [8, 6.75, 10],
			"faces": {
				"north": {"uv": [10.25, 0.25, 10.75, 0.75], "texture": "#0"},
				"east": {"uv": [10.25, 0.25, 10.75, 0.75], "texture": "#0"},
				"south": {"uv": [10.25, 0.25, 10.75, 0.75], "texture": "#0"},
				"west": {"uv": [10.25, 0.25, 10.75, 0.75], "texture": "#0"}
			}
		},
		{
			"name": "voxel",
			"from": [7.75, 9.25, 9.75],
			"to": [8, 9.5, 10],
			"faces": {
				"north": {"uv": [10.25, 0.25, 10.75, 0.75], "texture": "#0"},
				"east": {"uv": [10.25, 0.25, 10.75, 0.75], "texture": "#0"},
				"south": {"uv": [10.25, 0.25, 10.75, 0.75], "texture": "#0"},
				"west": {"uv": [10.25, 0.25, 10.75, 0.75], "texture": "#0"}
			}
		},
		{
			"name": "voxel",
			"from": [7.75, 6.75, 9.75],
			"to": [8, 7.75, 10],
			"faces": {
				"north": {"uv": [11.25, 0.25, 11.75, 0.75], "texture": "#0"},
				"east": {"uv": [11.25, 0.25, 11.75, 0.75], "texture": "#0"},
				"south": {"uv": [11.25, 0.25, 11.75, 0.75], "texture": "#0"},
				"west": {"uv": [11.25, 0.25, 11.75, 0.75], "texture": "#0"}
			}
		},
		{
			"name": "voxel",
			"from": [7.75, 8.25, 9.75],
			"to": [8, 9.25, 10],
			"faces": {
				"north": {"uv": [11.25, 0.25, 11.75, 0.75], "texture": "#0"},
				"east": {"uv": [11.25, 0.25, 11.75, 0.75], "texture": "#0"},
				"south": {"uv": [11.25, 0.25, 11.75, 0.75], "texture": "#0"},
				"west": {"uv": [11.25, 0.25, 11.75, 0.75], "texture": "#0"}
			}
		},
		{
			"name": "voxel",
			"from": [7.75, 7.75, 9.75],
			"to": [8, 8.25, 10],
			"faces": {
				"north": {"uv": [12.25, 0.25, 12.75, 0.75], "texture": "#0"},
				"east": {"uv": [12.25, 0.25, 12.75, 0.75], "texture": "#0"},
				"south": {"uv": [12.25, 0.25, 12.75, 0.75], "texture": "#0"},
				"west": {"uv": [12.25, 0.25, 12.75, 0.75], "texture": "#0"}
			}
		},
		{
			"name": "voxel",
			"from": [7.75, 7.75, 6.25],
			"to": [8, 8, 6.5],
			"faces": {
				"east": {"uv": [7.25, 0.25, 7.75, 0.75], "texture": "#0"},
				"south": {"uv": [7.25, 0.25, 7.75, 0.75], "texture": "#0"},
				"west": {"uv": [7.25, 0.25, 7.75, 0.75], "texture": "#0"}
			}
		},
		{
			"name": "voxel",
			"from": [7.75, 8, 6.25],
			"to": [8, 8.25, 6.5],
			"faces": {
				"east": {"uv": [8.25, 0.25, 8.75, 0.75], "texture": "#0"},
				"south": {"uv": [8.25, 0.25, 8.75, 0.75], "texture": "#0"},
				"west": {"uv": [8.25, 0.25, 8.75, 0.75], "texture": "#0"}
			}
		},
		{
			"name": "voxel",
			"from": [7.75, 7.5, 6.25],
			"to": [8, 7.75, 6.5],
			"faces": {
				"east": {"uv": [8.25, 0.25, 8.75, 0.75], "texture": "#0"},
				"south": {"uv": [8.25, 0.25, 8.75, 0.75], "texture": "#0"},
				"west": {"uv": [8.25, 0.25, 8.75, 0.75], "texture": "#0"}
			}
		},
		{
			"name": "voxel",
			"from": [7.75, 8.25, 6.25],
			"to": [8, 8.5, 6.5],
			"faces": {
				"east": {"uv": [7.25, 0.25, 7.75, 0.75], "texture": "#0"},
				"south": {"uv": [7.25, 0.25, 7.75, 0.75], "texture": "#0"},
				"west": {"uv": [7.25, 0.25, 7.75, 0.75], "texture": "#0"}
			}
		},
		{
			"name": "voxel",
			"from": [7.75, 7.25, 6.25],
			"to": [8, 7.5, 6.5],
			"faces": {
				"east": {"uv": [7.25, 0.25, 7.75, 0.75], "texture": "#0"},
				"south": {"uv": [7.25, 0.25, 7.75, 0.75], "texture": "#0"},
				"west": {"uv": [7.25, 0.25, 7.75, 0.75], "texture": "#0"}
			}
		},
		{
			"name": "voxel",
			"from": [7.75, 8.5, 6.25],
			"to": [8, 8.75, 6.5],
			"faces": {
				"east": {"uv": [8.25, 0.25, 8.75, 0.75], "texture": "#0"},
				"south": {"uv": [8.25, 0.25, 8.75, 0.75], "texture": "#0"},
				"west": {"uv": [8.25, 0.25, 8.75, 0.75], "texture": "#0"}
			}
		},
		{
			"name": "voxel",
			"from": [7.75, 7, 6.25],
			"to": [8, 7.25, 6.5],
			"faces": {
				"east": {"uv": [13.25, 0.25, 13.75, 0.75], "texture": "#0"},
				"south": {"uv": [13.25, 0.25, 13.75, 0.75], "texture": "#0"},
				"west": {"uv": [13.25, 0.25, 13.75, 0.75], "texture": "#0"}
			}
		},
		{
			"name": "voxel",
			"from": [7.75, 8.75, 6.25],
			"to": [8, 9, 6.5],
			"faces": {
				"east": {"uv": [13.25, 0.25, 13.75, 0.75], "texture": "#0"},
				"south": {"uv": [13.25, 0.25, 13.75, 0.75], "texture": "#0"},
				"west": {"uv": [13.25, 0.25, 13.75, 0.75], "texture": "#0"}
			}
		},
		{
			"name": "voxel",
			"from": [7.75, 7.75, 5.5],
			"to": [8, 8, 5.75],
			"faces": {
				"north": {"uv": [7.25, 0.25, 7.75, 0.75], "texture": "#0"},
				"east": {"uv": [7.25, 0.25, 7.75, 0.75], "texture": "#0"},
				"west": {"uv": [7.25, 0.25, 7.75, 0.75], "texture": "#0"}
			}
		},
		{
			"name": "voxel",
			"from": [7.75, 8, 5.5],
			"to": [8, 8.25, 5.75],
			"faces": {
				"north": {"uv": [8.25, 0.25, 8.75, 0.75], "texture": "#0"},
				"east": {"uv": [8.25, 0.25, 8.75, 0.75], "texture": "#0"},
				"west": {"uv": [8.25, 0.25, 8.75, 0.75], "texture": "#0"}
			}
		},
		{
			"name": "voxel",
			"from": [7.75, 7.5, 5.5],
			"to": [8, 7.75, 5.75],
			"faces": {
				"north": {"uv": [8.25, 0.25, 8.75, 0.75], "texture": "#0"},
				"east": {"uv": [8.25, 0.25, 8.75, 0.75], "texture": "#0"},
				"west": {"uv": [8.25, 0.25, 8.75, 0.75], "texture": "#0"}
			}
		},
		{
			"name": "voxel",
			"from": [7.75, 8.25, 5.5],
			"to": [8, 8.5, 5.75],
			"faces": {
				"north": {"uv": [14.25, 0.25, 14.75, 0.75], "texture": "#0"},
				"east": {"uv": [14.25, 0.25, 14.75, 0.75], "texture": "#0"},
				"west": {"uv": [14.25, 0.25, 14.75, 0.75], "texture": "#0"}
			}
		},
		{
			"name": "voxel",
			"from": [7.75, 7.25, 5.5],
			"to": [8, 7.5, 5.75],
			"faces": {
				"north": {"uv": [14.25, 0.25, 14.75, 0.75], "texture": "#0"},
				"east": {"uv": [14.25, 0.25, 14.75, 0.75], "texture": "#0"},
				"west": {"uv": [14.25, 0.25, 14.75, 0.75], "texture": "#0"}
			}
		},
		{
			"name": "voxel",
			"from": [7.75, 8.5, 5.5],
			"to": [8, 8.75, 5.75],
			"faces": {
				"north": {"uv": [7.25, 0.25, 7.75, 0.75], "texture": "#0"},
				"east": {"uv": [7.25, 0.25, 7.75, 0.75], "texture": "#0"},
				"west": {"uv": [7.25, 0.25, 7.75, 0.75], "texture": "#0"}
			}
		},
		{
			"name": "voxel",
			"from": [7.75, 7, 5.5],
			"to": [8, 7.25, 5.75],
			"faces": {
				"north": {"uv": [7.25, 0.25, 7.75, 0.75], "texture": "#0"},
				"east": {"uv": [7.25, 0.25, 7.75, 0.75], "texture": "#0"},
				"west": {"uv": [7.25, 0.25, 7.75, 0.75], "texture": "#0"}
			}
		},
		{
			"name": "voxel",
			"from": [7.75, 8.75, 5.5],
			"to": [8, 9, 5.75],
			"faces": {
				"north": {"uv": [8.25, 0.25, 8.75, 0.75], "texture": "#0"},
				"east": {"uv": [8.25, 0.25, 8.75, 0.75], "texture": "#0"},
				"west": {"uv": [8.25, 0.25, 8.75, 0.75], "texture": "#0"}
			}
		},
		{
			"name": "voxel",
			"from": [7.75, 9, 5.5],
			"to": [8, 9.25, 5.75],
			"faces": {
				"north": {"uv": [13.25, 0.25, 13.75, 0.75], "texture": "#0"},
				"east": {"uv": [13.25, 0.25, 13.75, 0.75], "texture": "#0"},
				"west": {"uv": [13.25, 0.25, 13.75, 0.75], "texture": "#0"}
			}
		},
		{
			"name": "voxel",
			"from": [7.75, 3.5, 6.75],
			"to": [8, 3.75, 7],
			"faces": {
				"east": {"uv": [0.25, 0.25, 0.75, 0.75], "texture": "#0"},
				"south": {"uv": [0.25, 0.25, 0.75, 0.75], "texture": "#0"},
				"west": {"uv": [0.25, 0.25, 0.75, 0.75], "texture": "#0"},
				"up": {"uv": [0.25, 0.25, 0.75, 0.75], "texture": "#0"}
			}
		},
		{
			"name": "voxel",
			"from": [7.75, 12.25, 6.75],
			"to": [8, 12.5, 7],
			"faces": {
				"east": {"uv": [0.25, 0.25, 0.75, 0.75], "texture": "#0"},
				"south": {"uv": [0.25, 0.25, 0.75, 0.75], "texture": "#0"},
				"west": {"uv": [0.25, 0.25, 0.75, 0.75], "texture": "#0"},
				"down": {"uv": [0.25, 0.25, 0.75, 0.75], "texture": "#0"}
			}
		},
		{
			"name": "voxel",
			"from": [7.25, 6.5, 5.75],
			"to": [7.5, 6.75, 6],
			"faces": {
				"north": {"uv": [6.25, 0.25, 6.75, 0.75], "texture": "#0"},
				"west": {"uv": [6.25, 0.25, 6.75, 0.75], "texture": "#0"},
				"up": {"uv": [6.25, 0.25, 6.75, 0.75], "texture": "#0"}
			}
		},
		{
			"name": "voxel",
			"from": [7.25, 9.25, 5.75],
			"to": [7.5, 9.5, 6],
			"faces": {
				"north": {"uv": [6.25, 0.25, 6.75, 0.75], "texture": "#0"},
				"west": {"uv": [6.25, 0.25, 6.75, 0.75], "texture": "#0"},
				"down": {"uv": [6.25, 0.25, 6.75, 0.75], "texture": "#0"}
			}
		},
		{
			"name": "voxel",
			"from": [8.25, 6.5, 5.75],
			"to": [8.5, 6.75, 6],
			"faces": {
				"north": {"uv": [4.25, 0.25, 4.75, 0.75], "texture": "#0"},
				"east": {"uv": [4.25, 0.25, 4.75, 0.75], "texture": "#0"},
				"up": {"uv": [4.25, 0.25, 4.75, 0.75], "texture": "#0"}
			}
		},
		{
			"name": "voxel",
			"from": [8.25, 9.25, 5.75],
			"to": [8.5, 9.5, 6],
			"faces": {
				"north": {"uv": [4.25, 0.25, 4.75, 0.75], "texture": "#0"},
				"east": {"uv": [4.25, 0.25, 4.75, 0.75], "texture": "#0"},
				"down": {"uv": [4.25, 0.25, 4.75, 0.75], "texture": "#0"}
			}
		},
		{
			"name": "voxel",
			"from": [8, 7.25, 5.75],
			"to": [8.25, 7.5, 6.25],
			"faces": {
				"north": {"uv": [14.25, 0.25, 14.75, 0.75], "texture": "#0"},
				"east": {"uv": [14.25, 0.25, 14.75, 0.75], "texture": "#0"},
				"south": {"uv": [14.25, 0.25, 14.75, 0.75], "texture": "#0"}
			}
		},
		{
			"name": "voxel",
			"from": [8, 8.5, 6],
			"to": [8.25, 8.75, 6.25],
			"faces": {
				"east": {"uv": [8.25, 0.25, 8.75, 0.75], "texture": "#0"},
				"south": {"uv": [8.25, 0.25, 8.75, 0.75], "texture": "#0"}
			}
		},
		{
			"name": "voxel",
			"from": [8, 7, 6],
			"to": [8.25, 7.25, 6.25],
			"faces": {
				"east": {"uv": [8.25, 0.25, 8.75, 0.75], "texture": "#0"},
				"south": {"uv": [8.25, 0.25, 8.75, 0.75], "texture": "#0"}
			}
		},
		{
			"name": "voxel",
			"from": [8, 8.75, 5.75],
			"to": [8.25, 9, 6.25],
			"faces": {
				"north": {"uv": [13.25, 0.25, 13.75, 0.75], "texture": "#0"},
				"east": {"uv": [13.25, 0.25, 13.75, 0.75], "texture": "#0"},
				"south": {"uv": [13.25, 0.25, 13.75, 0.75], "texture": "#0"}
			}
		},
		{
			"name": "voxel",
			"from": [7.5, 3.75, 6.25],
			"to": [7.75, 4, 6.5],
			"faces": {
				"west": {"uv": [2.25, 0.25, 2.75, 0.75], "texture": "#0"}
			}
		},
		{
			"name": "voxel",
			"from": [7.5, 3.75, 6],
			"to": [7.75, 4, 6.25],
			"faces": {
				"north": {"uv": [0.25, 0.25, 0.75, 0.75], "texture": "#0"},
				"west": {"uv": [0.25, 0.25, 0.75, 0.75], "texture": "#0"},
				"down": {"uv": [0.25, 0.25, 0.75, 0.75], "texture": "#0"}
			}
		},
		{
			"name": "voxel",
			"from": [7.5, 6.5, 6.5],
			"to": [7.75, 6.75, 6.75],
			"faces": {
				"south": {"uv": [2.25, 0.25, 2.75, 0.75], "texture": "#0"},
				"west": {"uv": [2.25, 0.25, 2.75, 0.75], "texture": "#0"},
				"up": {"uv": [2.25, 0.25, 2.75, 0.75], "texture": "#0"}
			}
		},
		{
			"name": "voxel",
			"from": [8, 7, 5.75],
			"to": [8.25, 7.25, 6],
			"faces": {
				"north": {"uv": [7.25, 0.25, 7.75, 0.75], "texture": "#0"},
				"east": {"uv": [7.25, 0.25, 7.75, 0.75], "texture": "#0"}
			}
		},
		{
			"name": "voxel",
			"from": [7.5, 6.75, 5.75],
			"to": [7.75, 7, 6.25],
			"faces": {
				"north": {"uv": [6.25, 0.25, 6.75, 0.75], "texture": "#0"},
				"west": {"uv": [6.25, 0.25, 6.75, 0.75], "texture": "#0"}
			}
		},
		{
			"name": "voxel",
			"from": [7.5, 9, 5.75],
			"to": [7.75, 9.25, 6.25],
			"faces": {
				"north": {"uv": [6.25, 0.25, 6.75, 0.75], "texture": "#0"},
				"west": {"uv": [6.25, 0.25, 6.75, 0.75], "texture": "#0"}
			}
		},
		{
			"name": "voxel",
			"from": [8, 7.5, 5.75],
			"to": [8.25, 7.75, 6.25],
			"faces": {
				"north": {"uv": [8.25, 0.25, 8.75, 0.75], "texture": "#0"},
				"east": {"uv": [8.25, 0.25, 8.75, 0.75], "texture": "#0"},
				"south": {"uv": [8.25, 0.25, 8.75, 0.75], "texture": "#0"}
			}
		},
		{
			"name": "voxel",
			"from": [8, 8.25, 6],
			"to": [8.25, 8.5, 6.25],
			"faces": {
				"east": {"uv": [7.25, 0.25, 7.75, 0.75], "texture": "#0"},
				"south": {"uv": [7.25, 0.25, 7.75, 0.75], "texture": "#0"}
			}
		},
		{
			"name": "voxel",
			"from": [7.25, 6.5, 6],
			"to": [7.5, 6.75, 6.25],
			"faces": {
				"south": {"uv": [5.25, 0.25, 5.75, 0.75], "texture": "#0"},
				"west": {"uv": [5.25, 0.25, 5.75, 0.75], "texture": "#0"},
				"up": {"uv": [5.25, 0.25, 5.75, 0.75], "texture": "#0"}
			}
		},
		{
			"name": "voxel",
			"from": [7.25, 9.25, 6],
			"to": [7.5, 9.5, 6.25],
			"faces": {
				"south": {"uv": [5.25, 0.25, 5.75, 0.75], "texture": "#0"},
				"west": {"uv": [5.25, 0.25, 5.75, 0.75], "texture": "#0"},
				"down": {"uv": [5.25, 0.25, 5.75, 0.75], "texture": "#0"}
			}
		},
		{
			"name": "voxel",
			"from": [7.5, 11.25, 6.25],
			"to": [7.75, 11.75, 6.5],
			"faces": {
				"south": {"uv": [0.25, 0.25, 0.75, 0.75], "texture": "#0"},
				"west": {"uv": [0.25, 0.25, 0.75, 0.75], "texture": "#0"},
				"down": {"uv": [0.25, 0.25, 0.75, 0.75], "texture": "#0"}
			}
		},
		{
			"name": "voxel",
			"from": [7.5, 4.25, 6.25],
			"to": [7.75, 4.75, 6.5],
			"faces": {
				"south": {"uv": [0.25, 0.25, 0.75, 0.75], "texture": "#0"},
				"west": {"uv": [0.25, 0.25, 0.75, 0.75], "texture": "#0"},
				"up": {"uv": [0.25, 0.25, 0.75, 0.75], "texture": "#0"}
			}
		},
		{
			"name": "voxel",
			"from": [7.5, 11.75, 6],
			"to": [7.75, 12, 6.25],
			"faces": {
				"north": {"uv": [2.25, 0.25, 2.75, 0.75], "texture": "#0"},
				"west": {"uv": [2.25, 0.25, 2.75, 0.75], "texture": "#0"}
			}
		},
		{
			"name": "voxel",
			"from": [7.5, 4, 6],
			"to": [7.75, 4.25, 6.25],
			"faces": {
				"north": {"uv": [2.25, 0.25, 2.75, 0.75], "texture": "#0"},
				"west": {"uv": [2.25, 0.25, 2.75, 0.75], "texture": "#0"}
			}
		},
		{
			"name": "voxel",
			"from": [7.5, 6.25, 6.5],
			"to": [7.75, 6.5, 6.75],
			"faces": {
				"south": {"uv": [0.25, 0.25, 0.75, 0.75], "texture": "#0"},
				"west": {"uv": [0.25, 0.25, 0.75, 0.75], "texture": "#0"},
				"down": {"uv": [0.25, 0.25, 0.75, 0.75], "texture": "#0"}
			}
		},
		{
			"name": "voxel",
			"from": [7.5, 9.25, 6.25],
			"to": [7.75, 9.5, 6.5],
			"faces": {
				"west": {"uv": [5.25, 0.25, 5.75, 0.75], "texture": "#0"}
			}
		},
		{
			"name": "voxel",
			"from": [7.5, 6.5, 6.25],
			"to": [7.75, 6.75, 6.5],
			"faces": {
				"west": {"uv": [5.25, 0.25, 5.75, 0.75], "texture": "#0"}
			}
		},
		{
			"name": "voxel",
			"from": [8, 4.75, 6],
			"to": [8.25, 5.75, 6.25],
			"faces": {
				"east": {"uv": [0.25, 0.25, 0.75, 0.75], "texture": "#0"},
				"south": {"uv": [0.25, 0.25, 0.75, 0.75], "texture": "#0"}
			}
		},
		{
			"name": "voxel",
			"from": [8, 10.25, 6],
			"to": [8.25, 11.25, 6.25],
			"faces": {
				"east": {"uv": [0.25, 0.25, 0.75, 0.75], "texture": "#0"},
				"south": {"uv": [0.25, 0.25, 0.75, 0.75], "texture": "#0"}
			}
		},
		{
			"name": "voxel",
			"from": [8, 5.25, 5.5],
			"to": [8.5, 5.5, 5.75],
			"faces": {
				"north": {"uv": [1.25, 0.25, 1.75, 0.75], "texture": "#0"},
				"east": {"uv": [1.25, 0.25, 1.75, 0.75], "texture": "#0"},
				"down": {"uv": [1.25, 0.25, 1.75, 0.75], "texture": "#0"}
			}
		},
		{
			"name": "voxel",
			"from": [8, 10.5, 5.5],
			"to": [8.5, 10.75, 5.75],
			"faces": {
				"north": {"uv": [1.25, 0.25, 1.75, 0.75], "texture": "#0"},
				"east": {"uv": [1.25, 0.25, 1.75, 0.75], "texture": "#0"},
				"up": {"uv": [1.25, 0.25, 1.75, 0.75], "texture": "#0"}
			}
		},
		{
			"name": "voxel",
			"from": [7.25, 6, 6.25],
			"to": [7.75, 6.25, 6.5],
			"faces": {
				"south": {"uv": [0.25, 0.25, 0.75, 0.75], "texture": "#0"},
				"west": {"uv": [0.25, 0.25, 0.75, 0.75], "texture": "#0"},
				"down": {"uv": [0.25, 0.25, 0.75, 0.75], "texture": "#0"}
			}
		},
		{
			"name": "voxel",
			"from": [7.5, 11.25, 5.75],
			"to": [7.75, 11.75, 6],
			"faces": {
				"north": {"uv": [2.25, 0.25, 2.75, 0.75], "texture": "#0"},
				"west": {"uv": [2.25, 0.25, 2.75, 0.75], "texture": "#0"},
				"up": {"uv": [2.25, 0.25, 2.75, 0.75], "texture": "#0"}
			}
		},
		{
			"name": "voxel",
			"from": [7.5, 4.25, 5.75],
			"to": [7.75, 4.75, 6],
			"faces": {
				"north": {"uv": [2.25, 0.25, 2.75, 0.75], "texture": "#0"},
				"west": {"uv": [2.25, 0.25, 2.75, 0.75], "texture": "#0"},
				"down": {"uv": [2.25, 0.25, 2.75, 0.75], "texture": "#0"}
			}
		},
		{
			"name": "voxel",
			"from": [7.5, 9.75, 6.25],
			"to": [7.75, 10.25, 6.5],
			"faces": {
				"south": {"uv": [0.25, 0.25, 0.75, 0.75], "texture": "#0"},
				"west": {"uv": [0.25, 0.25, 0.75, 0.75], "texture": "#0"},
				"up": {"uv": [0.25, 0.25, 0.75, 0.75], "texture": "#0"}
			}
		},
		{
			"name": "voxel",
			"from": [7.25, 10.75, 6],
			"to": [7.75, 11.25, 6.25],
			"faces": {
				"south": {"uv": [0.25, 0.25, 0.75, 0.75], "texture": "#0"},
				"west": {"uv": [0.25, 0.25, 0.75, 0.75], "texture": "#0"},
				"down": {"uv": [0.25, 0.25, 0.75, 0.75], "texture": "#0"}
			}
		},
		{
			"name": "voxel",
			"from": [7.5, 4.75, 6],
			"to": [7.75, 5.5, 6.25],
			"faces": {
				"south": {"uv": [0.25, 0.25, 0.75, 0.75], "texture": "#0"},
				"west": {"uv": [0.25, 0.25, 0.75, 0.75], "texture": "#0"}
			}
		},
		{
			"name": "voxel",
			"from": [7.5, 7.5, 5.75],
			"to": [7.75, 7.75, 6.25],
			"faces": {
				"north": {"uv": [8.25, 0.25, 8.75, 0.75], "texture": "#0"},
				"south": {"uv": [8.25, 0.25, 8.75, 0.75], "texture": "#0"},
				"west": {"uv": [8.25, 0.25, 8.75, 0.75], "texture": "#0"}
			}
		},
		{
			"name": "voxel",
			"from": [7.5, 8.25, 5.75],
			"to": [7.75, 8.5, 6.25],
			"faces": {
				"north": {"uv": [7.25, 0.25, 7.75, 0.75], "texture": "#0"},
				"south": {"uv": [7.25, 0.25, 7.75, 0.75], "texture": "#0"},
				"west": {"uv": [7.25, 0.25, 7.75, 0.75], "texture": "#0"}
			}
		},
		{
			"name": "voxel",
			"from": [7.5, 5.75, 6.25],
			"to": [7.75, 6, 6.5],
			"faces": {
				"south": {"uv": [0.25, 0.25, 0.75, 0.75], "texture": "#0"},
				"west": {"uv": [0.25, 0.25, 0.75, 0.75], "texture": "#0"},
				"down": {"uv": [0.25, 0.25, 0.75, 0.75], "texture": "#0"}
			}
		},
		{
			"name": "voxel",
			"from": [8, 5.75, 6.25],
			"to": [8.25, 6, 6.5],
			"faces": {
				"east": {"uv": [0.25, 0.25, 0.75, 0.75], "texture": "#0"},
				"south": {"uv": [0.25, 0.25, 0.75, 0.75], "texture": "#0"},
				"down": {"uv": [0.25, 0.25, 0.75, 0.75], "texture": "#0"}
			}
		},
		{
			"name": "voxel",
			"from": [8, 9.75, 6.25],
			"to": [8.25, 10.25, 6.5],
			"faces": {
				"east": {"uv": [2.25, 0.25, 2.75, 0.75], "texture": "#0"},
				"south": {"uv": [2.25, 0.25, 2.75, 0.75], "texture": "#0"},
				"up": {"uv": [2.25, 0.25, 2.75, 0.75], "texture": "#0"}
			}
		},
		{
			"name": "voxel",
			"from": [8, 4.5, 5.75],
			"to": [8.25, 4.75, 6],
			"faces": {
				"north": {"uv": [1.25, 0.25, 1.75, 0.75], "texture": "#0"},
				"east": {"uv": [1.25, 0.25, 1.75, 0.75], "texture": "#0"}
			}
		},
		{
			"name": "voxel",
			"from": [8, 11.25, 5.75],
			"to": [8.25, 11.75, 6],
			"faces": {
				"north": {"uv": [1.25, 0.25, 1.75, 0.75], "texture": "#0"},
				"east": {"uv": [1.25, 0.25, 1.75, 0.75], "texture": "#0"},
				"up": {"uv": [1.25, 0.25, 1.75, 0.75], "texture": "#0"}
			}
		},
		{
			"name": "voxel",
			"from": [8, 4.75, 5.5],
			"to": [8.25, 5, 5.75],
			"faces": {
				"north": {"uv": [1.25, 0.25, 1.75, 0.75], "texture": "#0"},
				"east": {"uv": [1.25, 0.25, 1.75, 0.75], "texture": "#0"},
				"down": {"uv": [1.25, 0.25, 1.75, 0.75], "texture": "#0"}
			}
		},
		{
			"name": "voxel",
			"from": [7.5, 9.75, 5.25],
			"to": [7.75, 10.5, 5.5],
			"faces": {
				"north": {"uv": [2.25, 0.25, 2.75, 0.75], "texture": "#0"},
				"west": {"uv": [2.25, 0.25, 2.75, 0.75], "texture": "#0"},
				"up": {"uv": [2.25, 0.25, 2.75, 0.75], "texture": "#0"},
				"down": {"uv": [2.25, 0.25, 2.75, 0.75], "texture": "#0"}
			}
		},
		{
			"name": "voxel",
			"from": [7.5, 5.5, 5.25],
			"to": [7.75, 6.25, 5.5],
			"faces": {
				"north": {"uv": [2.25, 0.25, 2.75, 0.75], "texture": "#0"},
				"west": {"uv": [2.25, 0.25, 2.75, 0.75], "texture": "#0"},
				"up": {"uv": [2.25, 0.25, 2.75, 0.75], "texture": "#0"},
				"down": {"uv": [2.25, 0.25, 2.75, 0.75], "texture": "#0"}
			}
		},
		{
			"name": "voxel",
			"from": [8, 6, 6.25],
			"to": [8.5, 6.25, 6.5],
			"faces": {
				"east": {"uv": [2.25, 0.25, 2.75, 0.75], "texture": "#0"},
				"south": {"uv": [2.25, 0.25, 2.75, 0.75], "texture": "#0"},
				"down": {"uv": [2.25, 0.25, 2.75, 0.75], "texture": "#0"}
			}
		},
		{
			"name": "voxel",
			"from": [8, 4.25, 5.75],
			"to": [8.25, 4.5, 6],
			"faces": {
				"north": {"uv": [2.25, 0.25, 2.75, 0.75], "texture": "#0"},
				"east": {"uv": [2.25, 0.25, 2.75, 0.75], "texture": "#0"},
				"down": {"uv": [2.25, 0.25, 2.75, 0.75], "texture": "#0"}
			}
		},
		{
			"name": "voxel",
			"from": [8.25, 5.5, 5.75],
			"to": [8.5, 6.5, 6.25],
			"faces": {
				"north": {"uv": [2.25, 0.25, 2.75, 0.75], "texture": "#0"},
				"east": {"uv": [2.25, 0.25, 2.75, 0.75], "texture": "#0"},
				"south": {"uv": [2.25, 0.25, 2.75, 0.75], "texture": "#0"},
				"down": {"uv": [2.25, 0.25, 2.75, 0.75], "texture": "#0"}
			}
		},
		{
			"name": "voxel",
			"from": [8.25, 9.5, 6],
			"to": [8.5, 10.5, 6.25],
			"faces": {
				"east": {"uv": [2.25, 0.25, 2.75, 0.75], "texture": "#0"},
				"south": {"uv": [2.25, 0.25, 2.75, 0.75], "texture": "#0"},
				"up": {"uv": [2.25, 0.25, 2.75, 0.75], "texture": "#0"}
			}
		},
		{
			"name": "voxel",
			"from": [7.5, 10.25, 6],
			"to": [7.75, 10.75, 6.25],
			"faces": {
				"south": {"uv": [0.25, 0.25, 0.75, 0.75], "texture": "#0"},
				"west": {"uv": [0.25, 0.25, 0.75, 0.75], "texture": "#0"}
			}
		},
		{
			"name": "voxel",
			"from": [7.5, 7, 5.75],
			"to": [7.75, 7.25, 6],
			"faces": {
				"north": {"uv": [7.25, 0.25, 7.75, 0.75], "texture": "#0"},
				"west": {"uv": [7.25, 0.25, 7.75, 0.75], "texture": "#0"}
			}
		},
		{
			"name": "voxel",
			"from": [7.5, 8.75, 5.75],
			"to": [7.75, 9, 6.25],
			"faces": {
				"north": {"uv": [13.25, 0.25, 13.75, 0.75], "texture": "#0"},
				"south": {"uv": [13.25, 0.25, 13.75, 0.75], "texture": "#0"},
				"west": {"uv": [13.25, 0.25, 13.75, 0.75], "texture": "#0"}
			}
		},
		{
			"name": "voxel",
			"from": [7.5, 4.75, 5.5],
			"to": [7.75, 5.5, 5.75],
			"faces": {
				"north": {"uv": [2.25, 0.25, 2.75, 0.75], "texture": "#0"},
				"west": {"uv": [2.25, 0.25, 2.75, 0.75], "texture": "#0"},
				"down": {"uv": [2.25, 0.25, 2.75, 0.75], "texture": "#0"}
			}
		},
		{
			"name": "voxel",
			"from": [8, 4.25, 6.25],
			"to": [8.25, 4.75, 6.5],
			"faces": {
				"east": {"uv": [2.25, 0.25, 2.75, 0.75], "texture": "#0"},
				"south": {"uv": [2.25, 0.25, 2.75, 0.75], "texture": "#0"},
				"up": {"uv": [2.25, 0.25, 2.75, 0.75], "texture": "#0"}
			}
		},
		{
			"name": "voxel",
			"from": [8, 11.25, 6.25],
			"to": [8.25, 11.5, 6.5],
			"faces": {
				"east": {"uv": [0.25, 0.25, 0.75, 0.75], "texture": "#0"},
				"south": {"uv": [0.25, 0.25, 0.75, 0.75], "texture": "#0"},
				"down": {"uv": [0.25, 0.25, 0.75, 0.75], "texture": "#0"}
			}
		},
		{
			"name": "voxel",
			"from": [8, 6.5, 6.25],
			"to": [8.25, 6.75, 6.5],
			"faces": {
				"east": {"uv": [5.25, 0.25, 5.75, 0.75], "texture": "#0"}
			}
		},
		{
			"name": "voxel",
			"from": [8, 9.25, 6.25],
			"to": [8.25, 9.5, 6.5],
			"faces": {
				"east": {"uv": [5.25, 0.25, 5.75, 0.75], "texture": "#0"}
			}
		},
		{
			"name": "voxel",
			"from": [8, 4, 6],
			"to": [8.25, 4.25, 6.25],
			"faces": {
				"north": {"uv": [2.25, 0.25, 2.75, 0.75], "texture": "#0"},
				"east": {"uv": [2.25, 0.25, 2.75, 0.75], "texture": "#0"}
			}
		},
		{
			"name": "voxel",
			"from": [8, 11.75, 6],
			"to": [8.25, 12, 6.25],
			"faces": {
				"north": {"uv": [2.25, 0.25, 2.75, 0.75], "texture": "#0"},
				"east": {"uv": [2.25, 0.25, 2.75, 0.75], "texture": "#0"}
			}
		},
		{
			"name": "voxel",
			"from": [8, 11.5, 6.25],
			"to": [8.25, 11.75, 6.5],
			"faces": {
				"east": {"uv": [2.25, 0.25, 2.75, 0.75], "texture": "#0"},
				"south": {"uv": [2.25, 0.25, 2.75, 0.75], "texture": "#0"}
			}
		},
		{
			"name": "voxel",
			"from": [8, 3.75, 6.25],
			"to": [8.25, 4, 6.75],
			"faces": {
				"east": {"uv": [2.25, 0.25, 2.75, 0.75], "texture": "#0"},
				"south": {"uv": [2.25, 0.25, 2.75, 0.75], "texture": "#0"}
			}
		},
		{
			"name": "voxel",
			"from": [8, 12, 6.25],
			"to": [8.25, 12.5, 6.5],
			"faces": {
				"north": {"uv": [2.25, 0.25, 2.75, 0.75], "texture": "#0"},
				"east": {"uv": [2.25, 0.25, 2.75, 0.75], "texture": "#0"},
				"up": {"uv": [2.25, 0.25, 2.75, 0.75], "texture": "#0"}
			}
		},
		{
			"name": "voxel",
			"from": [8.25, 4, 6.25],
			"to": [8.5, 4.25, 6.5],
			"faces": {
				"north": {"uv": [2.25, 0.25, 2.75, 0.75], "texture": "#0"},
				"east": {"uv": [2.25, 0.25, 2.75, 0.75], "texture": "#0"},
				"south": {"uv": [2.25, 0.25, 2.75, 0.75], "texture": "#0"},
				"up": {"uv": [2.25, 0.25, 2.75, 0.75], "texture": "#0"},
				"down": {"uv": [2.25, 0.25, 2.75, 0.75], "texture": "#0"}
			}
		},
		{
			"name": "voxel",
			"from": [8.25, 11.75, 6.25],
			"to": [8.5, 12, 6.5],
			"faces": {
				"north": {"uv": [2.25, 0.25, 2.75, 0.75], "texture": "#0"},
				"east": {"uv": [2.25, 0.25, 2.75, 0.75], "texture": "#0"},
				"south": {"uv": [2.25, 0.25, 2.75, 0.75], "texture": "#0"},
				"up": {"uv": [2.25, 0.25, 2.75, 0.75], "texture": "#0"},
				"down": {"uv": [2.25, 0.25, 2.75, 0.75], "texture": "#0"}
			}
		},
		{
			"name": "voxel",
			"from": [8, 3.5, 6.25],
			"to": [8.25, 3.75, 6.5],
			"faces": {
				"north": {"uv": [2.25, 0.25, 2.75, 0.75], "texture": "#0"},
				"east": {"uv": [2.25, 0.25, 2.75, 0.75], "texture": "#0"},
				"down": {"uv": [2.25, 0.25, 2.75, 0.75], "texture": "#0"}
			}
		},
		{
			"name": "voxel",
			"from": [8, 3.5, 6.5],
			"to": [8.25, 3.75, 6.75],
			"faces": {
				"east": {"uv": [1.25, 0.25, 1.75, 0.75], "texture": "#0"},
				"south": {"uv": [1.25, 0.25, 1.75, 0.75], "texture": "#0"}
			}
		},
		{
			"name": "voxel",
			"from": [8, 3.25, 6.5],
			"to": [8.25, 3.5, 6.75],
			"faces": {
				"north": {"uv": [2.25, 0.25, 2.75, 0.75], "texture": "#0"},
				"east": {"uv": [2.25, 0.25, 2.75, 0.75], "texture": "#0"},
				"down": {"uv": [2.25, 0.25, 2.75, 0.75], "texture": "#0"}
			}
		},
		{
			"name": "voxel",
			"from": [8, 12.5, 6.5],
			"to": [8.25, 12.75, 6.75],
			"faces": {
				"north": {"uv": [1.25, 0.25, 1.75, 0.75], "texture": "#0"},
				"east": {"uv": [1.25, 0.25, 1.75, 0.75], "texture": "#0"},
				"up": {"uv": [1.25, 0.25, 1.75, 0.75], "texture": "#0"}
			}
		},
		{
			"name": "voxel",
			"from": [8, 3.25, 6.75],
			"to": [8.25, 3.5, 7],
			"faces": {
				"east": {"uv": [1.25, 0.25, 1.75, 0.75], "texture": "#0"},
				"south": {"uv": [1.25, 0.25, 1.75, 0.75], "texture": "#0"},
				"up": {"uv": [1.25, 0.25, 1.75, 0.75], "texture": "#0"}
			}
		},
		{
			"name": "voxel",
			"from": [8, 12.5, 6.75],
			"to": [8.25, 12.75, 7],
			"faces": {
				"east": {"uv": [2.25, 0.25, 2.75, 0.75], "texture": "#0"},
				"south": {"uv": [2.25, 0.25, 2.75, 0.75], "texture": "#0"},
				"down": {"uv": [2.25, 0.25, 2.75, 0.75], "texture": "#0"}
			}
		},
		{
			"name": "voxel",
			"from": [8, 3, 6.75],
			"to": [8.25, 3.25, 7],
			"faces": {
				"north": {"uv": [2.25, 0.25, 2.75, 0.75], "texture": "#0"},
				"east": {"uv": [2.25, 0.25, 2.75, 0.75], "texture": "#0"},
				"down": {"uv": [2.25, 0.25, 2.75, 0.75], "texture": "#0"}
			}
		},
		{
			"name": "voxel",
			"from": [8, 12.75, 6.75],
			"to": [8.25, 13, 7],
			"faces": {
				"north": {"uv": [1.25, 0.25, 1.75, 0.75], "texture": "#0"},
				"east": {"uv": [1.25, 0.25, 1.75, 0.75], "texture": "#0"},
				"up": {"uv": [1.25, 0.25, 1.75, 0.75], "texture": "#0"}
			}
		},
		{
			"name": "voxel",
			"from": [7.5, 2.75, 7],
			"to": [7.75, 3, 7.25],
			"faces": {
				"north": {"uv": [0.25, 0.25, 0.75, 0.75], "texture": "#0"},
				"west": {"uv": [0.25, 0.25, 0.75, 0.75], "texture": "#0"},
				"down": {"uv": [0.25, 0.25, 0.75, 0.75], "texture": "#0"}
			}
		},
		{
			"name": "voxel",
			"from": [8, 5.5, 5.25],
			"to": [8.25, 6, 5.5],
			"faces": {
				"north": {"uv": [1.25, 0.25, 1.75, 0.75], "texture": "#0"},
				"east": {"uv": [1.25, 0.25, 1.75, 0.75], "texture": "#0"},
				"down": {"uv": [1.25, 0.25, 1.75, 0.75], "texture": "#0"}
			}
		},
		{
			"name": "voxel",
			"from": [8, 10, 5.25],
			"to": [8.25, 10.5, 5.5],
			"faces": {
				"north": {"uv": [1.25, 0.25, 1.75, 0.75], "texture": "#0"},
				"east": {"uv": [1.25, 0.25, 1.75, 0.75], "texture": "#0"},
				"up": {"uv": [1.25, 0.25, 1.75, 0.75], "texture": "#0"}
			}
		},
		{
			"name": "voxel",
			"from": [8, 2.75, 7.5],
			"to": [8.25, 3, 7.75],
			"faces": {
				"east": {"uv": [1.25, 0.25, 1.75, 0.75], "texture": "#0"},
				"up": {"uv": [1.25, 0.25, 1.75, 0.75], "texture": "#0"}
			}
		},
		{
			"name": "voxel",
			"from": [8, 2.5, 7.5],
			"to": [8.25, 2.75, 7.75],
			"faces": {
				"north": {"uv": [2.25, 0.25, 2.75, 0.75], "texture": "#0"},
				"east": {"uv": [2.25, 0.25, 2.75, 0.75], "texture": "#0"},
				"down": {"uv": [2.25, 0.25, 2.75, 0.75], "texture": "#0"}
			}
		},
		{
			"name": "voxel",
			"from": [8, 13.25, 7.5],
			"to": [8.25, 13.5, 8],
			"faces": {
				"north": {"uv": [1.25, 0.25, 1.75, 0.75], "texture": "#0"},
				"east": {"uv": [1.25, 0.25, 1.75, 0.75], "texture": "#0"},
				"up": {"uv": [1.25, 0.25, 1.75, 0.75], "texture": "#0"}
			}
		},
		{
			"name": "voxel",
			"from": [8, 2.5, 7.75],
			"to": [8.25, 2.75, 8.25],
			"faces": {
				"east": {"uv": [1.25, 0.25, 1.75, 0.75], "texture": "#0"},
				"south": {"uv": [1.25, 0.25, 1.75, 0.75], "texture": "#0"},
				"up": {"uv": [1.25, 0.25, 1.75, 0.75], "texture": "#0"}
			}
		},
		{
			"name": "voxel",
			"from": [8, 2.25, 7.75],
			"to": [8.25, 2.5, 8],
			"faces": {
				"north": {"uv": [2.25, 0.25, 2.75, 0.75], "texture": "#0"},
				"east": {"uv": [2.25, 0.25, 2.75, 0.75], "texture": "#0"},
				"down": {"uv": [2.25, 0.25, 2.75, 0.75], "texture": "#0"}
			}
		},
		{
			"name": "voxel",
			"from": [8, 13.25, 8],
			"to": [8.25, 13.5, 8.25],
			"faces": {
				"east": {"uv": [2.25, 0.25, 2.75, 0.75], "texture": "#0"},
				"south": {"uv": [2.25, 0.25, 2.75, 0.75], "texture": "#0"},
				"down": {"uv": [2.25, 0.25, 2.75, 0.75], "texture": "#0"}
			}
		},
		{
			"name": "voxel",
			"from": [8, 2.25, 8],
			"to": [8.25, 2.5, 8.5],
			"faces": {
				"east": {"uv": [1.25, 0.25, 1.75, 0.75], "texture": "#0"},
				"south": {"uv": [1.25, 0.25, 1.75, 0.75], "texture": "#0"},
				"up": {"uv": [1.25, 0.25, 1.75, 0.75], "texture": "#0"}
			}
		},
		{
			"name": "voxel",
			"from": [8, 13.5, 8],
			"to": [8.25, 13.75, 8.25],
			"faces": {
				"east": {"uv": [1.25, 0.25, 1.75, 0.75], "texture": "#0"}
			}
		},
		{
			"name": "voxel",
			"from": [8, 2, 8],
			"to": [8.25, 2.25, 8.5],
			"faces": {
				"north": {"uv": [2.25, 0.25, 2.75, 0.75], "texture": "#0"},
				"east": {"uv": [2.25, 0.25, 2.75, 0.75], "texture": "#0"},
				"down": {"uv": [2.25, 0.25, 2.75, 0.75], "texture": "#0"}
			}
		},
		{
			"name": "voxel",
			"from": [8, 13.5, 8.25],
			"to": [8.25, 13.75, 8.5],
			"faces": {
				"east": {"uv": [2.25, 0.25, 2.75, 0.75], "texture": "#0"},
				"south": {"uv": [2.25, 0.25, 2.75, 0.75], "texture": "#0"},
				"down": {"uv": [2.25, 0.25, 2.75, 0.75], "texture": "#0"}
			}
		},
		{
			"name": "voxel",
			"from": [8, 13.75, 8.25],
			"to": [8.25, 14, 8.5],
			"faces": {
				"east": {"uv": [1.25, 0.25, 1.75, 0.75], "texture": "#0"},
				"up": {"uv": [1.25, 0.25, 1.75, 0.75], "texture": "#0"}
			}
		},
		{
			"name": "voxel",
			"from": [8, 2, 8.5],
			"to": [8.25, 2.25, 8.75],
			"faces": {
				"east": {"uv": [1.25, 0.25, 1.75, 0.75], "texture": "#0"},
				"south": {"uv": [1.25, 0.25, 1.75, 0.75], "texture": "#0"},
				"up": {"uv": [1.25, 0.25, 1.75, 0.75], "texture": "#0"}
			}
		},
		{
			"name": "voxel",
			"from": [8, 13.75, 8.5],
			"to": [8.25, 14, 8.75],
			"faces": {
				"east": {"uv": [2.25, 0.25, 2.75, 0.75], "texture": "#0"},
				"south": {"uv": [2.25, 0.25, 2.75, 0.75], "texture": "#0"},
				"down": {"uv": [2.25, 0.25, 2.75, 0.75], "texture": "#0"}
			}
		},
		{
			"name": "voxel",
			"from": [8, 1.75, 8.5],
			"to": [8.25, 2, 8.75],
			"faces": {
				"north": {"uv": [2.25, 0.25, 2.75, 0.75], "texture": "#0"},
				"east": {"uv": [2.25, 0.25, 2.75, 0.75], "texture": "#0"},
				"down": {"uv": [2.25, 0.25, 2.75, 0.75], "texture": "#0"}
			}
		},
		{
			"name": "voxel",
			"from": [7.75, 5.75, 5.25],
			"to": [8, 6.25, 5.5],
			"faces": {
				"north": {"uv": [2.25, 0.25, 2.75, 0.75], "texture": "#0"},
				"up": {"uv": [2.25, 0.25, 2.75, 0.75], "texture": "#0"}
			}
		},
		{
			"name": "voxel",
			"from": [7.75, 9.75, 5.25],
			"to": [8, 10.25, 5.5],
			"faces": {
				"north": {"uv": [2.25, 0.25, 2.75, 0.75], "texture": "#0"},
				"down": {"uv": [2.25, 0.25, 2.75, 0.75], "texture": "#0"}
			}
		},
		{
			"name": "voxel",
			"from": [8, 14, 8.75],
			"to": [8.25, 14.25, 9],
			"faces": {
				"east": {"uv": [2.25, 0.25, 2.75, 0.75], "texture": "#0"},
				"south": {"uv": [2.25, 0.25, 2.75, 0.75], "texture": "#0"},
				"up": {"uv": [2.25, 0.25, 2.75, 0.75], "texture": "#0"},
				"down": {"uv": [2.25, 0.25, 2.75, 0.75], "texture": "#0"}
			}
		},
		{
			"name": "voxel",
			"from": [8, 14.25, 9],
			"to": [8.25, 14.5, 9.25],
			"faces": {
				"north": {"uv": [2.25, 0.25, 2.75, 0.75], "texture": "#0"},
				"east": {"uv": [2.25, 0.25, 2.75, 0.75], "texture": "#0"},
				"south": {"uv": [2.25, 0.25, 2.75, 0.75], "texture": "#0"},
				"up": {"uv": [2.25, 0.25, 2.75, 0.75], "texture": "#0"},
				"down": {"uv": [2.25, 0.25, 2.75, 0.75], "texture": "#0"}
			}
		},
		{
			"name": "voxel",
			"from": [8, 14.5, 9.25],
			"to": [8.25, 14.75, 9.5],
			"faces": {
				"north": {"uv": [2.25, 0.25, 2.75, 0.75], "texture": "#0"},
				"east": {"uv": [2.25, 0.25, 2.75, 0.75], "texture": "#0"},
				"south": {"uv": [2.25, 0.25, 2.75, 0.75], "texture": "#0"},
				"down": {"uv": [2.25, 0.25, 2.75, 0.75], "texture": "#0"}
			}
		},
		{
			"name": "voxel",
			"from": [7.5, 7, 6],
			"to": [7.75, 7.25, 6.25],
			"faces": {
				"south": {"uv": [8.25, 0.25, 8.75, 0.75], "texture": "#0"},
				"west": {"uv": [8.25, 0.25, 8.75, 0.75], "texture": "#0"}
			}
		},
		{
			"name": "voxel",
			"from": [7.25, 6.25, 6.25],
			"to": [7.5, 6.5, 6.5],
			"faces": {
				"south": {"uv": [2.25, 0.25, 2.75, 0.75], "texture": "#0"},
				"west": {"uv": [2.25, 0.25, 2.75, 0.75], "texture": "#0"},
				"up": {"uv": [2.25, 0.25, 2.75, 0.75], "texture": "#0"}
			}
		},
		{
			"name": "voxel",
			"from": [8, 0.25, 9.5],
			"to": [8.25, 0.75, 9.75],
			"faces": {
				"north": {"uv": [2.25, 0.25, 2.75, 0.75], "texture": "#0"},
				"east": {"uv": [2.25, 0.25, 2.75, 0.75], "texture": "#0"},
				"south": {"uv": [2.25, 0.25, 2.75, 0.75], "texture": "#0"},
				"down": {"uv": [2.25, 0.25, 2.75, 0.75], "texture": "#0"}
			}
		},
		{
			"name": "voxel",
			"from": [8, 15.25, 9.5],
			"to": [8.25, 15.75, 9.75],
			"faces": {
				"north": {"uv": [2.25, 0.25, 2.75, 0.75], "texture": "#0"},
				"east": {"uv": [2.25, 0.25, 2.75, 0.75], "texture": "#0"},
				"south": {"uv": [2.25, 0.25, 2.75, 0.75], "texture": "#0"},
				"up": {"uv": [2.25, 0.25, 2.75, 0.75], "texture": "#0"}
			}
		},
		{
			"name": "voxel",
			"from": [8.25, 10.25, 5.5],
			"to": [8.5, 10.5, 6],
			"faces": {
				"north": {"uv": [1.25, 0.25, 1.75, 0.75], "texture": "#0"},
				"east": {"uv": [1.25, 0.25, 1.75, 0.75], "texture": "#0"}
			}
		},
		{
			"name": "voxel",
			"from": [8.25, 5.25, 5.75],
			"to": [8.5, 5.5, 6],
			"faces": {
				"east": {"uv": [2.25, 0.25, 2.75, 0.75], "texture": "#0"},
				"south": {"uv": [2.25, 0.25, 2.75, 0.75], "texture": "#0"}
			}
		},
		{
			"name": "voxel",
			"from": [8.25, 10.5, 5.75],
			"to": [8.5, 11.25, 6],
			"faces": {
				"north": {"uv": [1.25, 0.25, 1.75, 0.75], "texture": "#0"},
				"east": {"uv": [1.25, 0.25, 1.75, 0.75], "texture": "#0"},
				"south": {"uv": [1.25, 0.25, 1.75, 0.75], "texture": "#0"},
				"up": {"uv": [1.25, 0.25, 1.75, 0.75], "texture": "#0"}
			}
		},
		{
			"name": "voxel",
			"from": [8.25, 9.5, 5.75],
			"to": [8.5, 10.25, 6],
			"faces": {
				"north": {"uv": [2.25, 0.25, 2.75, 0.75], "texture": "#0"},
				"east": {"uv": [2.25, 0.25, 2.75, 0.75], "texture": "#0"}
			}
		},
		{
			"name": "voxel",
			"from": [8.25, 5.5, 5.5],
			"to": [8.5, 6, 5.75],
			"faces": {
				"north": {"uv": [1.25, 0.25, 1.75, 0.75], "texture": "#0"},
				"east": {"uv": [1.25, 0.25, 1.75, 0.75], "texture": "#0"}
			}
		},
		{
			"name": "voxel",
			"from": [7.5, 4, 6.5],
			"to": [7.75, 4.25, 6.75],
			"faces": {
				"south": {"uv": [0.25, 0.25, 0.75, 0.75], "texture": "#0"},
				"west": {"uv": [0.25, 0.25, 0.75, 0.75], "texture": "#0"},
				"up": {"uv": [0.25, 0.25, 0.75, 0.75], "texture": "#0"}
			}
		},
		{
			"name": "voxel",
			"from": [8.25, 4.75, 5.75],
			"to": [8.5, 5.25, 6],
			"faces": {
				"north": {"uv": [1.25, 0.25, 1.75, 0.75], "texture": "#0"},
				"east": {"uv": [1.25, 0.25, 1.75, 0.75], "texture": "#0"},
				"down": {"uv": [1.25, 0.25, 1.75, 0.75], "texture": "#0"}
			}
		},
		{
			"name": "voxel",
			"from": [8.25, 10, 5.5],
			"to": [8.5, 10.25, 5.75],
			"faces": {
				"north": {"uv": [1.25, 0.25, 1.75, 0.75], "texture": "#0"},
				"east": {"uv": [1.25, 0.25, 1.75, 0.75], "texture": "#0"}
			}
		},
		{
			"name": "voxel",
			"from": [7.25, 4, 6.25],
			"to": [7.5, 4.25, 6.5],
			"faces": {
				"north": {"uv": [2.25, 0.25, 2.75, 0.75], "texture": "#0"},
				"south": {"uv": [2.25, 0.25, 2.75, 0.75], "texture": "#0"},
				"west": {"uv": [2.25, 0.25, 2.75, 0.75], "texture": "#0"},
				"up": {"uv": [2.25, 0.25, 2.75, 0.75], "texture": "#0"},
				"down": {"uv": [2.25, 0.25, 2.75, 0.75], "texture": "#0"}
			}
		},
		{
			"name": "voxel",
			"from": [7.25, 11.75, 6.25],
			"to": [7.5, 12, 6.5],
			"faces": {
				"north": {"uv": [2.25, 0.25, 2.75, 0.75], "texture": "#0"},
				"south": {"uv": [2.25, 0.25, 2.75, 0.75], "texture": "#0"},
				"west": {"uv": [2.25, 0.25, 2.75, 0.75], "texture": "#0"},
				"up": {"uv": [2.25, 0.25, 2.75, 0.75], "texture": "#0"},
				"down": {"uv": [2.25, 0.25, 2.75, 0.75], "texture": "#0"}
			}
		},
		{
			"name": "voxel",
			"from": [7.75, 6.75, 5.5],
			"to": [8, 7, 5.75],
			"faces": {
				"north": {"uv": [8.25, 0.25, 8.75, 0.75], "texture": "#0"},
				"east": {"uv": [8.25, 0.25, 8.75, 0.75], "texture": "#0"},
				"west": {"uv": [8.25, 0.25, 8.75, 0.75], "texture": "#0"}
			}
		},
		{
			"name": "voxel",
			"from": [8.25, 6, 5.5],
			"to": [8.5, 6.25, 5.75],
			"faces": {
				"north": {"uv": [2.25, 0.25, 2.75, 0.75], "texture": "#0"},
				"east": {"uv": [2.25, 0.25, 2.75, 0.75], "texture": "#0"},
				"up": {"uv": [2.25, 0.25, 2.75, 0.75], "texture": "#0"}
			}
		},
		{
			"name": "voxel",
			"from": [8.25, 9.75, 5.5],
			"to": [8.5, 10, 5.75],
			"faces": {
				"north": {"uv": [2.25, 0.25, 2.75, 0.75], "texture": "#0"},
				"east": {"uv": [2.25, 0.25, 2.75, 0.75], "texture": "#0"},
				"down": {"uv": [2.25, 0.25, 2.75, 0.75], "texture": "#0"}
			}
		},
		{
			"name": "voxel",
			"from": [7.75, 4.25, 6.5],
			"to": [8, 4.5, 6.75],
			"faces": {
				"east": {"uv": [2.25, 0.25, 2.75, 0.75], "texture": "#0"},
				"south": {"uv": [2.25, 0.25, 2.75, 0.75], "texture": "#0"},
				"west": {"uv": [2.25, 0.25, 2.75, 0.75], "texture": "#0"},
				"up": {"uv": [2.25, 0.25, 2.75, 0.75], "texture": "#0"}
			}
		},
		{
			"name": "voxel",
			"from": [7.75, 11.5, 6.5],
			"to": [8, 11.75, 6.75],
			"faces": {
				"east": {"uv": [0.25, 0.25, 0.75, 0.75], "texture": "#0"},
				"south": {"uv": [0.25, 0.25, 0.75, 0.75], "texture": "#0"},
				"west": {"uv": [0.25, 0.25, 0.75, 0.75], "texture": "#0"},
				"down": {"uv": [0.25, 0.25, 0.75, 0.75], "texture": "#0"}
			}
		},
		{
			"name": "voxel",
			"from": [8, 6.75, 6],
			"to": [8.25, 7, 6.5],
			"faces": {
				"east": {"uv": [6.25, 0.25, 6.75, 0.75], "texture": "#0"},
				"south": {"uv": [6.25, 0.25, 6.75, 0.75], "texture": "#0"},
				"up": {"uv": [6.25, 0.25, 6.75, 0.75], "texture": "#0"}
			}
		},
		{
			"name": "voxel",
			"from": [8, 9, 6],
			"to": [8.25, 9.25, 6.5],
			"faces": {
				"east": {"uv": [6.25, 0.25, 6.75, 0.75], "texture": "#0"},
				"south": {"uv": [6.25, 0.25, 6.75, 0.75], "texture": "#0"},
				"down": {"uv": [6.25, 0.25, 6.75, 0.75], "texture": "#0"}
			}
		},
		{
			"name": "voxel",
			"from": [8.25, 9.5, 6.25],
			"to": [8.5, 10, 6.5],
			"faces": {
				"east": {"uv": [2.25, 0.25, 2.75, 0.75], "texture": "#0"},
				"south": {"uv": [2.25, 0.25, 2.75, 0.75], "texture": "#0"},
				"up": {"uv": [2.25, 0.25, 2.75, 0.75], "texture": "#0"},
				"down": {"uv": [2.25, 0.25, 2.75, 0.75], "texture": "#0"}
			}
		},
		{
			"name": "voxel",
			"from": [7.75, 6, 6.5],
			"to": [8, 6.25, 6.75],
			"faces": {
				"east": {"uv": [0.25, 0.25, 0.75, 0.75], "texture": "#0"},
				"south": {"uv": [0.25, 0.25, 0.75, 0.75], "texture": "#0"},
				"west": {"uv": [0.25, 0.25, 0.75, 0.75], "texture": "#0"},
				"down": {"uv": [0.25, 0.25, 0.75, 0.75], "texture": "#0"}
			}
		},
		{
			"name": "voxel",
			"from": [7.75, 9.75, 6.5],
			"to": [8, 10, 6.75],
			"faces": {
				"east": {"uv": [0.25, 0.25, 0.75, 0.75], "texture": "#0"},
				"south": {"uv": [0.25, 0.25, 0.75, 0.75], "texture": "#0"},
				"west": {"uv": [0.25, 0.25, 0.75, 0.75], "texture": "#0"},
				"up": {"uv": [0.25, 0.25, 0.75, 0.75], "texture": "#0"}
			}
		},
		{
			"name": "voxel",
			"from": [8.25, 6.25, 6.25],
			"to": [8.5, 6.5, 6.5],
			"faces": {
				"east": {"uv": [2.25, 0.25, 2.75, 0.75], "texture": "#0"},
				"south": {"uv": [2.25, 0.25, 2.75, 0.75], "texture": "#0"},
				"up": {"uv": [2.25, 0.25, 2.75, 0.75], "texture": "#0"}
			}
		},
		{
			"name": "voxel",
			"from": [8, 6, 5.25],
			"to": [8.25, 6.25, 5.5],
			"faces": {
				"north": {"uv": [2.25, 0.25, 2.75, 0.75], "texture": "#0"},
				"east": {"uv": [2.25, 0.25, 2.75, 0.75], "texture": "#0"},
				"up": {"uv": [2.25, 0.25, 2.75, 0.75], "texture": "#0"}
			}
		},
		{
			"name": "voxel",
			"from": [8, 9.75, 5.25],
			"to": [8.25, 10, 5.5],
			"faces": {
				"north": {"uv": [2.25, 0.25, 2.75, 0.75], "texture": "#0"},
				"east": {"uv": [2.25, 0.25, 2.75, 0.75], "texture": "#0"},
				"down": {"uv": [2.25, 0.25, 2.75, 0.75], "texture": "#0"}
			}
		},
		{
			"name": "voxel",
			"from": [7.75, 2.75, 8],
			"to": [8, 3, 8.25],
			"faces": {
				"east": {"uv": [1.25, 0.25, 1.75, 0.75], "texture": "#0"},
				"south": {"uv": [1.25, 0.25, 1.75, 0.75], "texture": "#0"},
				"west": {"uv": [1.25, 0.25, 1.75, 0.75], "texture": "#0"},
				"up": {"uv": [1.25, 0.25, 1.75, 0.75], "texture": "#0"}
			}
		},
		{
			"name": "voxel",
			"from": [7.5, 7.25, 5.75],
			"to": [7.75, 7.5, 6],
			"faces": {
				"north": {"uv": [14.25, 0.25, 14.75, 0.75], "texture": "#0"},
				"west": {"uv": [14.25, 0.25, 14.75, 0.75], "texture": "#0"}
			}
		},
		{
			"name": "voxel",
			"from": [7.5, 8.5, 5.75],
			"to": [7.75, 8.75, 6.25],
			"faces": {
				"north": {"uv": [8.25, 0.25, 8.75, 0.75], "texture": "#0"},
				"south": {"uv": [8.25, 0.25, 8.75, 0.75], "texture": "#0"},
				"west": {"uv": [8.25, 0.25, 8.75, 0.75], "texture": "#0"}
			}
		},
		{
			"name": "voxel",
			"from": [8, 8.5, 5.75],
			"to": [8.25, 8.75, 6],
			"faces": {
				"north": {"uv": [7.25, 0.25, 7.75, 0.75], "texture": "#0"},
				"east": {"uv": [7.25, 0.25, 7.75, 0.75], "texture": "#0"}
			}
		},
		{
			"name": "voxel",
			"from": [7.5, 6.5, 5.5],
			"to": [7.75, 6.75, 5.75],
			"faces": {
				"north": {"uv": [6.25, 0.25, 6.75, 0.75], "texture": "#0"},
				"west": {"uv": [6.25, 0.25, 6.75, 0.75], "texture": "#0"},
				"up": {"uv": [6.25, 0.25, 6.75, 0.75], "texture": "#0"}
			}
		},
		{
			"name": "voxel",
			"from": [7.5, 9.25, 5.5],
			"to": [7.75, 9.5, 5.75],
			"faces": {
				"north": {"uv": [6.25, 0.25, 6.75, 0.75], "texture": "#0"},
				"west": {"uv": [6.25, 0.25, 6.75, 0.75], "texture": "#0"},
				"down": {"uv": [6.25, 0.25, 6.75, 0.75], "texture": "#0"}
			}
		},
		{
			"name": "voxel",
			"from": [8, 6.25, 5.5],
			"to": [8.25, 6.75, 5.75],
			"faces": {
				"north": {"uv": [15.25, 0.25, 15.75, 0.75], "texture": "#0"},
				"east": {"uv": [15.25, 0.25, 15.75, 0.75], "texture": "#0"},
				"up": {"uv": [15.25, 0.25, 15.75, 0.75], "texture": "#0"}
			}
		},
		{
			"name": "voxel",
			"from": [8, 9.25, 5.5],
			"to": [8.25, 9.5, 5.75],
			"faces": {
				"north": {"uv": [15.25, 0.25, 15.75, 0.75], "texture": "#0"},
				"east": {"uv": [15.25, 0.25, 15.75, 0.75], "texture": "#0"},
				"down": {"uv": [15.25, 0.25, 15.75, 0.75], "texture": "#0"}
			}
		},
		{
			"name": "voxel",
			"from": [8, 7.75, 5.75],
			"to": [8.25, 8, 6.25],
			"faces": {
				"north": {"uv": [7.25, 0.25, 7.75, 0.75], "texture": "#0"},
				"east": {"uv": [7.25, 0.25, 7.75, 0.75], "texture": "#0"},
				"south": {"uv": [7.25, 0.25, 7.75, 0.75], "texture": "#0"}
			}
		},
		{
			"name": "voxel",
			"from": [8, 8, 5.75],
			"to": [8.25, 8.25, 6.25],
			"faces": {
				"north": {"uv": [8.25, 0.25, 8.75, 0.75], "texture": "#0"},
				"east": {"uv": [8.25, 0.25, 8.75, 0.75], "texture": "#0"},
				"south": {"uv": [8.25, 0.25, 8.75, 0.75], "texture": "#0"}
			}
		},
		{
			"name": "voxel",
			"from": [8, 9.5, 5.5],
			"to": [8.25, 9.75, 5.75],
			"faces": {
				"north": {"uv": [6.25, 0.25, 6.75, 0.75], "texture": "#0"},
				"east": {"uv": [6.25, 0.25, 6.75, 0.75], "texture": "#0"}
			}
		},
		{
			"name": "voxel",
			"from": [7.25, 5, 6],
			"to": [7.5, 5.25, 6.25],
			"faces": {
				"south": {"uv": [0.25, 0.25, 0.75, 0.75], "texture": "#0"},
				"west": {"uv": [0.25, 0.25, 0.75, 0.75], "texture": "#0"},
				"up": {"uv": [0.25, 0.25, 0.75, 0.75], "texture": "#0"}
			}
		},
		{
			"name": "voxel",
			"from": [7.5, 7.25, 6],
			"to": [7.75, 7.5, 6.25],
			"faces": {
				"south": {"uv": [7.25, 0.25, 7.75, 0.75], "texture": "#0"},
				"west": {"uv": [7.25, 0.25, 7.75, 0.75], "texture": "#0"}
			}
		},
		{
			"name": "voxel",
			"from": [8, 6.75, 5.75],
			"to": [8.25, 7, 6],
			"faces": {
				"north": {"uv": [4.25, 0.25, 4.75, 0.75], "texture": "#0"},
				"east": {"uv": [4.25, 0.25, 4.75, 0.75], "texture": "#0"}
			}
		},
		{
			"name": "voxel",
			"from": [8, 9, 5.75],
			"to": [8.25, 9.25, 6],
			"faces": {
				"north": {"uv": [15.25, 0.25, 15.75, 0.75], "texture": "#0"},
				"east": {"uv": [15.25, 0.25, 15.75, 0.75], "texture": "#0"}
			}
		},
		{
			"name": "voxel",
			"from": [8, 8.25, 5.75],
			"to": [8.25, 8.5, 6],
			"faces": {
				"north": {"uv": [14.25, 0.25, 14.75, 0.75], "texture": "#0"},
				"east": {"uv": [14.25, 0.25, 14.75, 0.75], "texture": "#0"}
			}
		},
		{
			"name": "voxel",
			"from": [7.5, 10.5, 5.5],
			"to": [7.75, 11.25, 5.75],
			"faces": {
				"north": {"uv": [2.25, 0.25, 2.75, 0.75], "texture": "#0"},
				"west": {"uv": [2.25, 0.25, 2.75, 0.75], "texture": "#0"},
				"up": {"uv": [2.25, 0.25, 2.75, 0.75], "texture": "#0"}
			}
		}
	],
	"display": {
		"thirdperson_righthand": {
			"rotation": [0, -12, 0],
			"translation": [-0.75, -2, 4.5],
			"scale": [-1.5, 1.5, 1.5]
		},
		"thirdperson_lefthand": {
			"rotation": [0, -12, 0],
			"translation": [-0.75, -2, 4.5],
			"scale": [1.5, 1.5, 1.5]
		},
		"firstperson_righthand": {
			"rotation": [0, 0, 25],
			"translation": [1, 3.5, 1],
			"scale": [-0.68, 0.68, 0.68]
		},
		"firstperson_lefthand": {
			"rotation": [0, 0, 25],
			"translation": [1, 3.5, 1],
			"scale": [0.68, 0.68, 0.68]
		},
		"ground": {
			"rotation": [0, 0, 45],
			"translation": [0, 3, 0]
		},
		"gui": {
			"rotation": [90, 45, 90],
			"translation": [-1, 1, 0],
			"scale": [1, -1, 1]
		},
		"head": {
			"scale": [2, 2, 2]
		},
		"fixed": {
			"rotation": [90, 45, -90],
			"translation": [-0.5, 0.5, -0.5]
		}
	},
	"groups": [
		{
			"name": "0",
			"origin": [8, 8, 8],
			"children": [0, 1, 2, 3, 4, 5, 6, 7, 8, 9, 10, 11, 12, 13, 14, 15, 16, 17, 18, 19, 20, 21, 22, 23, 24, 25, 26, 27, 28, 29, 30, 31, 32, 33, 34, 35, 36, 37, 38, 39, 40, 41, 42, 43, 44, 45, 46, 47, 48, 49, 50, 51, 52, 53, 54, 55, 56, 57, 58, 59, 60, 61, 62, 63, 64, 65, 66, 67, 68, 69, 70, 71, 72, 73, 74, 75, 76, 77, 78, 79, 80, 81, 82, 83, 84, 85, 86, 87, 88, 89, 90, 91, 92, 93, 94, 95, 96, 97, 98, 99, 100, 101, 102, 103, 104, 105, 106, 107, 108, 109, 110, 111, 112, 113, 114, 115, 116, 117, 118, 119, 120, 121, 122, 123, 124, 125, 126, 127, 128, 129, 130, 131, 132, 133, 134, 135, 136, 137, 138, 139, 140, 141, 142, 143, 144, 145, 146, 147, 148, 149, 150, 151, 152, 153, 154, 155, 156, 157, 158, 159, 160, 161, 162, 163, 164, 165, 166, 167, 168, 169, 170, 171, 172, 173, 174, 175, 176, 177, 178, 179, 180, 181, 182, 183, 184, 185, 186, 187, 188, 189, 190, 191, 192, 193, 194, 195, 196, 197, 198, 199, 200, 201, 202, 203, 204, 205, 206, 207, 208, 209, 210, 211, 212, 213, 214, 215, 216, 217, 218, 219, 220, 221, 222, 223, 224, 225, 226, 227, 228, 229, 230, 231, 232, 233, 234, 235, 236, 237, 238, 239, 240, 241, 242, 243, 244, 245, 246, 247, 248, 249, 250, 251, 252, 253, 254, 255, 256, 257, 258, 259, 260, 261, 262, 263, 264, 265, 266, 267, 268, 269, 270, 271, 272, 273, 274, 275, 276, 277, 278, 279, 280, 281, 282, 283, 284, 285, 286, 287, 288, 289, 290, 291, 292, 293, 294, 295, 296, 297, 298, 299, 300, 301, 302, 303]
		}
	]
}