{
    "parent": "item/generated",
    "textures": {
        "layer0": "item/bow"
    },
    "display": {
        "thirdperson_righthand": {
            "rotation": [ -80, 260, -40 ],
            "translation": [ -1, -2, 2.5 ],
            "scale": [ 0.9, 0.9, 0.9 ]
        },
        "thirdperson_lefthand": {
            "rotation": [ -80, -280, 40 ],
            "translation": [ -1, -2, 2.5 ],
            "scale": [ 0.9, 0.9, 0.9 ]
        },
        "firstperson_righthand": {
            "rotation": [ 0, -90, 25 ],
            "translation": [ 1.13, 3.2, 1.13],
            "scale": [ 0.68, 0.68, 0.68 ]
        },
        "firstperson_lefthand": {
            "rotation": [ 0, 90, -25 ],
            "translation": [ 1.13, 3.2, 1.13],
            "scale": [ 0.68, 0.68, 0.68 ]
        }
    },
    "overrides": [
		{"predicate": {"pulling": 1},"model": "item/bow_pulling_0"},
        {"predicate": {"pulling": 1,"pull": 0.65},"model": "item/bow_pulling_1"},
        {"predicate": {"pulling": 1,"pull": 0.9},"model": "item/bow_pulling_2"},
		
		{ "predicate": {"damaged": 0, "damage": 0.0025974025974025974}, "model": "custom/item/arcs/corde_bleue_0"},
		{ "predicate": {"damaged": 0, "damage": 0.0025974025974025974,"pulling": 1}, "model": "custom/item/arcs/corde_bleue_1"},
		{ "predicate": {"damaged": 0, "damage": 0.0025974025974025974,"pulling": 1,"pull": 0.3}, "model": "custom/item/arcs/corde_bleue_2"},
		{ "predicate": {"damaged": 0, "damage": 0.0025974025974025974,"pulling": 1,"pull": 0.6}, "model": "custom/item/arcs/corde_bleue_3"},
		{ "predicate": {"damaged": 0, "damage": 0.0025974025974025974,"pulling": 1,"pull": 0.9}, "model": "custom/item/arcs/corde_bleue_4"},
		
		{ "predicate": {"damaged": 0, "damage": 0.005194805194805195}, "model": "custom/item/arcs/perce_vent_0"},
		{ "predicate": {"damaged": 0, "damage": 0.005194805194805195,"pulling": 1}, "model": "custom/item/arcs/perce_vent_1"},
		{ "predicate": {"damaged": 0, "damage": 0.005194805194805195,"pulling": 1,"pull": 0.3}, "model": "custom/item/arcs/perce_vent_2"},
		{ "predicate": {"damaged": 0, "damage": 0.005194805194805195,"pulling": 1,"pull": 0.6}, "model": "custom/item/arcs/perce_vent_3"},
		{ "predicate": {"damaged": 0, "damage": 0.005194805194805195,"pulling": 1,"pull": 0.9}, "model": "custom/item/arcs/perce_vent_4"},
		
		{ "predicate": {"damaged": 0, "damage": 0.007792207792207792}, "model": "custom/item/arcs/corde_temps_0"},
		{ "predicate": {"damaged": 0, "damage": 0.007792207792207792,"pulling": 1}, "model": "custom/item/arcs/corde_temps_1"},
		{ "predicate": {"damaged": 0, "damage": 0.007792207792207792,"pulling": 1,"pull": 0.3}, "model": "custom/item/arcs/corde_temps_2"},
		{ "predicate": {"damaged": 0, "damage": 0.007792207792207792,"pulling": 1,"pull": 0.6}, "model": "custom/item/arcs/corde_temps_3"},
		{ "predicate": {"damaged": 0, "damage": 0.007792207792207792,"pulling": 1,"pull": 0.9}, "model": "custom/item/arcs/corde_temps_4"},
		
		{ "predicate": {"damaged": 0, "damage": 0.01038961038961039}, "model": "custom/item/arcs/queue_demon_0"},
		{ "predicate": {"damaged": 0, "damage": 0.01038961038961039,"pulling": 1}, "model": "custom/item/arcs/queue_demon_1"},
		{ "predicate": {"damaged": 0, "damage": 0.01038961038961039,"pulling": 1,"pull": 0.3}, "model": "custom/item/arcs/queue_demon_2"},
		{ "predicate": {"damaged": 0, "damage": 0.01038961038961039,"pulling": 1,"pull": 0.6}, "model": "custom/item/arcs/queue_demon_3"},
		{ "predicate": {"damaged": 0, "damage": 0.01038961038961039,"pulling": 1,"pull": 0.9}, "model": "custom/item/arcs/queue_demon_4"},
		
		{ "predicate": {"damaged": 1, "damage": 0}, "model": "item/bow"},
		{"predicate": {"damaged": 1, "pulling": 1},"model": "item/bow_pulling_0"},
        {"predicate": {"damaged": 1, "pulling": 1,"pull": 0.65},"model": "item/bow_pulling_1"},
        {"predicate": {"damaged": 1, "pulling": 1,"pull": 0.9},"model": "item/bow_pulling_2"}
    ]
}
