{
    "parent": "builtin/entity",
    "textures": {
        "particle": "block/dark_oak_planks"
    },
    "display": {
        "thirdperson_righthand": {
            "rotation": [ 0, 90, 0 ],
            "translation": [ 10, 6, -4 ],
            "scale": [ 1, 1, 1 ]
        },
        "thirdperson_lefthand": {
            "rotation": [ 0, 90, 0 ],
            "translation": [ 10, 6, 12 ],
            "scale": [ 1, 1, 1 ]
        },
        "firstperson_righthand": {
            "rotation": [ 0, 180, 5 ],
            "translation": [ -10, 2, -10 ],
            "scale": [ 1.25, 1.25, 1.25 ]
        },
        "firstperson_lefthand": {
            "rotation": [ 0, 180, 5 ],
            "translation": [ 10, 0, -10 ],
            "scale": [ 1.25, 1.25, 1.25 ]
        },
        "gui": {
            "rotation": [ 15, -25, -5 ],
            "translation": [ 2, 3, 0 ],
            "scale": [ 0.65, 0.65, 0.65 ]
        },
        "fixed": {
            "rotation": [ 0, 180, 0 ],
            "translation": [ -2, 4, -5],
            "scale":[ 0.5, 0.5, 0.5]
        },
        "ground": {
            "rotation": [ 0, 0, 0 ],
            "translation": [ 4, 4, 2],
            "scale":[ 0.25, 0.25, 0.25]
        }
    },
    "overrides": [
		{"predicate": {"blocking": 1},"model": "item/shield_blocking"},
		
		{ "predicate": {"damaged": 0, "damage": 0.002967359050445104}, "model": "custom/item/boucliers/courbe_feu"},
		{ "predicate": {"damaged": 0, "damage": 0.002967359050445104,"blocking": 1}, "model": "custom/item/boucliers/courbe_feu_blocking"},
		
		{ "predicate": {"damaged": 0, "damage": 0.005934718100890208}, "model": "custom/item/boucliers/ecu_des_9"},
		{ "predicate": {"damaged": 0, "damage": 0.005934718100890208,"blocking": 1}, "model": "custom/item/boucliers/ecu_des_9_blocking"},
		
		{ "predicate": {"damaged": 0, "damage": 0.008902077151335312}, "model": "custom/item/boucliers/glacier"},
		{ "predicate": {"damaged": 0, "damage": 0.008902077151335312,"blocking": 1}, "model": "custom/item/boucliers/glacier_blocking"},
		
		{ "predicate": {"damaged": 0, "damage": 0.011869436201780416}, "model": "custom/item/boucliers/vegetal"},
		{ "predicate": {"damaged": 0, "damage": 0.011869436201780416,"blocking": 1}, "model": "custom/item/boucliers/vegetal_blocking"},
		
		{ "predicate": {"damaged": 1, "damage": 0}, "model": "item/shield"},
		{ "predicate": {"damaged": 1, "damage": 0,"blocking": 1}, "model": "item/shield_blocking"}
    ]
}
