{
	"parent": "item/handheld",
	"textures": {
		"layer0": "item/wooden_sword"
	},
	"overrides": [
		{"predicate":{"damaged": 0,"damage": 0.016666666666666666},"model": "custom/item/grandes_epees/aqualame"},
		
		{"predicate":{"damaged": 0,"damage": 0.03333333333333333},"model": "custom/item/grandes_epees/devoreuse_lumiere"},
		
		{"predicate":{"damaged": 0,"damage": 0.05},"model": "custom/item/grandes_epees/flamberge"},
		
		{"predicate":{"damaged": 0,"damage": 0.06666666666666667},"model": "custom/item/grandes_epees/pourfendeuse_mort"},
		
		{"predicate":{"damaged": 1,"damage": 0},"model": "item/wooden_sword"}
	]
}